"Geslacht";"Persoonskenmerken";"Regio's";"Perioden";"Personen (x 1 000)";"Personen met persoonlijk inkomen (x 1 000)";"Aandeel personen (%)";"Gemiddeld gestandaardiseerd inkomen (1 000 euro)";"Mediaan gestandaardiseerd inkomen (1 000 euro)";"Gemiddeld persoonlijk inkomen (1 000 euro)";"Mediaan persoonlijk inkomen (1 000 euro)"
"Totaal mannen en vrouwen";"Totaal personen";"Nederland";"2021";" 17098.8";" 13960.8";"     100";"    36.1";"    32.4";"    35.7";"    28.1"
"Totaal mannen en vrouwen";"Totaal personen";"Aa en Hunze";"2021";"    24.9";"    20.9";"     100";"    37.0";"    34.2";"    35.1";"    28.4"
"Totaal mannen en vrouwen";"Totaal personen";"Aalsmeer";"2021";"    31.5";"    25.5";"     100";"    42.8";"    36.6";"    40.2";"    30.8"
"Totaal mannen en vrouwen";"Totaal personen";"Aalten";"2021";"    26.6";"    22.0";"     100";"    34.0";"    31.6";"    30.7";"    26.0"
"Totaal mannen en vrouwen";"Totaal personen";"Achtkarspelen";"2021";"    27.6";"    21.9";"     100";"    31.2";"    29.3";"    29.0";"    24.3"
"Totaal mannen en vrouwen";"Totaal personen";"Alblasserdam";"2021";"    19.9";"    15.7";"     100";"    35.3";"    32.4";"    34.1";"    27.1"
"Totaal mannen en vrouwen";"Totaal personen";"Albrandswaard";"2021";"    25.1";"    19.8";"     100";"    41.5";"    38.2";"    43.2";"    34.5"
"Totaal mannen en vrouwen";"Totaal personen";"Alkmaar";"2021";"   108.5";"    89.7";"     100";"    35.1";"    32.6";"    35.0";"    29.1"
"Totaal mannen en vrouwen";"Totaal personen";"Almelo";"2021";"    71.5";"    58.6";"     100";"    31.4";"    28.9";"    29.8";"    24.3"
"Totaal mannen en vrouwen";"Totaal personen";"Almere";"2021";"   211.2";"   165.0";"     100";"    34.6";"    32.5";"    36.0";"    30.0"
"Totaal mannen en vrouwen";"Totaal personen";"Alphen aan den Rijn";"2021";"   110.7";"    90.2";"     100";"    37.4";"    34.4";"    36.9";"    30.5"
"Totaal mannen en vrouwen";"Totaal personen";"Alphen-Chaam";"2021";"    10.2";"     8.5";"     100";"    41.0";"    36.4";"    36.8";"    29.9"
"Totaal mannen en vrouwen";"Totaal personen";"Altena";"2021";"    55.5";"    44.2";"     100";"    37.4";"    33.9";"    34.9";"    28.0"
"Totaal mannen en vrouwen";"Totaal personen";"Ameland";"2021";"     3.7";"     3.1";"     100";"    35.8";"    30.8";"    31.5";"    25.8"
"Totaal mannen en vrouwen";"Totaal personen";"Amersfoort";"2021";"   154.9";"   123.7";"     100";"    38.2";"    34.9";"    39.6";"    32.0"
"Totaal mannen en vrouwen";"Totaal personen";"Amstelveen";"2021";"    88.8";"    68.4";"     100";"    43.6";"    36.1";"    48.4";"    33.0"
"Totaal mannen en vrouwen";"Totaal personen";"Amsterdam";"2021";"   866.2";"   710.4";"     100";"    38.0";"    30.0";"    42.0";"    29.4"
"Totaal mannen en vrouwen";"Totaal personen";"Apeldoorn";"2021";"   160.2";"   131.8";"     100";"    35.8";"    32.6";"    34.9";"    28.3"
"Totaal mannen en vrouwen";"Totaal personen";"Arnhem";"2021";"   157.3";"   128.4";"     100";"    32.3";"    29.4";"    33.7";"    26.7"
"Totaal mannen en vrouwen";"Totaal personen";"Assen";"2021";"    66.6";"    54.6";"     100";"    32.8";"    30.9";"    32.8";"    27.4"
"Totaal mannen en vrouwen";"Totaal personen";"Asten";"2021";"    16.6";"    13.9";"     100";"    36.7";"    33.7";"    33.0";"    26.8"
"Totaal mannen en vrouwen";"Totaal personen";"Baarle-Nassau";"2021";"     6.7";"     5.6";"     100";"    36.2";"    33.6";"    33.3";"    26.5"
"Totaal mannen en vrouwen";"Totaal personen";"Baarn";"2021";"    23.6";"    19.1";"     100";"    42.4";"    35.6";"    42.3";"    30.9"
"Totaal mannen en vrouwen";"Totaal personen";"Barendrecht";"2021";"    48.1";"    38.0";"     100";"    40.8";"    37.1";"    41.2";"    32.6"
"Totaal mannen en vrouwen";"Totaal personen";"Barneveld";"2021";"    59.0";"    45.1";"     100";"    37.4";"    33.4";"    34.7";"    28.0"
"Totaal mannen en vrouwen";"Totaal personen";"Beek (L.)";"2021";"    15.7";"    13.3";"     100";"    37.5";"    33.1";"    34.6";"    27.9"
"Totaal mannen en vrouwen";"Totaal personen";"Beekdaelen";"2021";"    35.3";"    29.8";"     100";"    35.9";"    33.2";"    34.8";"    28.0"
"Totaal mannen en vrouwen";"Totaal personen";"Beesel";"2021";"    13.3";"    11.2";"     100";"    33.2";"    31.2";"    30.8";"    25.5"
"Totaal mannen en vrouwen";"Totaal personen";"Berg en Dal";"2021";"    34.1";"    28.7";"     100";"    36.0";"    32.9";"    33.9";"    27.0"
"Totaal mannen en vrouwen";"Totaal personen";"Bergeijk";"2021";"    18.6";"    15.6";"     100";"    39.7";"    35.3";"    35.1";"    28.3"
"Totaal mannen en vrouwen";"Totaal personen";"Bergen (L.)";"2021";"    12.9";"    11.0";"     100";"    34.6";"    32.3";"    31.3";"    26.1"
"Totaal mannen en vrouwen";"Totaal personen";"Bergen (NH.)";"2021";"    28.8";"    24.6";"     100";"    45.0";"    36.0";"    40.0";"    28.0"
"Totaal mannen en vrouwen";"Totaal personen";"Bergen op Zoom";"2021";"    65.9";"    54.1";"     100";"    34.4";"    31.8";"    34.3";"    27.2"
"Totaal mannen en vrouwen";"Totaal personen";"Berkelland";"2021";"    43.2";"    36.6";"     100";"    34.8";"    32.4";"    31.6";"    26.4"
"Totaal mannen en vrouwen";"Totaal personen";"Bernheze";"2021";"    30.9";"    25.6";"     100";"    39.8";"    35.2";"    34.8";"    28.0"
"Totaal mannen en vrouwen";"Totaal personen";"Best";"2021";"    30.1";"    24.8";"     100";"    39.1";"    35.6";"    37.9";"    29.9"
"Totaal mannen en vrouwen";"Totaal personen";"Beuningen";"2021";"    25.9";"    21.4";"     100";"    37.9";"    34.5";"    36.3";"    29.4"
"Totaal mannen en vrouwen";"Totaal personen";"Beverwijk";"2021";"    41.2";"    33.7";"     100";"    33.9";"    32.0";"    34.2";"    28.6"
"Totaal mannen en vrouwen";"Totaal personen";"De Bilt";"2021";"    42.6";"    34.0";"     100";"    46.1";"    37.9";"    45.6";"    32.8"
"Totaal mannen en vrouwen";"Totaal personen";"Bladel";"2021";"    20.2";"    17.0";"     100";"    37.9";"    34.8";"    34.3";"    28.7"
"Totaal mannen en vrouwen";"Totaal personen";"Blaricum";"2021";"    11.8";"     9.0";"     100";"    65.8";"    40.3";"    56.3";"    33.7"
"Totaal mannen en vrouwen";"Totaal personen";"Bloemendaal";"2021";"    22.8";"    17.9";"     100";"    71.7";"    46.0";"    60.4";"    35.2"
"Totaal mannen en vrouwen";"Totaal personen";"Bodegraven-Reeuwijk";"2021";"    34.9";"    28.0";"     100";"    40.4";"    35.8";"    38.2";"    30.3"
"Totaal mannen en vrouwen";"Totaal personen";"Boekel";"2021";"    10.6";"     8.8";"     100";"    37.9";"    34.6";"    32.8";"    27.9"
"Totaal mannen en vrouwen";"Totaal personen";"Borger-Odoorn";"2021";"    25.3";"    21.1";"     100";"    33.9";"    31.4";"    31.8";"    26.1"
"Totaal mannen en vrouwen";"Totaal personen";"Borne";"2021";"    23.4";"    18.9";"     100";"    38.1";"    33.6";"    35.4";"    29.2"
"Totaal mannen en vrouwen";"Totaal personen";"Borsele";"2021";"    22.5";"    18.3";"     100";"    37.9";"    33.7";"    34.2";"    28.3"
"Totaal mannen en vrouwen";"Totaal personen";"Boxtel";"2021";"    32.2";"    26.7";"     100";"    37.9";"    33.5";"    34.5";"    28.0"
"Totaal mannen en vrouwen";"Totaal personen";"Breda";"2021";"   180.3";"   148.0";"     100";"    37.5";"    33.6";"    37.8";"    29.3"
"Totaal mannen en vrouwen";"Totaal personen";"Bronckhorst";"2021";"    35.6";"    30.2";"     100";"    38.0";"    33.9";"    33.4";"    26.9"
"Totaal mannen en vrouwen";"Totaal personen";"Brummen";"2021";"    20.5";"    17.3";"     100";"    36.6";"    33.3";"    34.0";"    27.6"
"Totaal mannen en vrouwen";"Totaal personen";"Brunssum";"2021";"    27.2";"    23.0";"     100";"    30.8";"    28.8";"    30.0";"    25.0"
"Totaal mannen en vrouwen";"Totaal personen";"Bunnik";"2021";"    15.2";"    12.0";"     100";"    41.7";"    39.1";"    42.5";"    35.0"
"Totaal mannen en vrouwen";"Totaal personen";"Bunschoten";"2021";"    21.7";"    17.1";"     100";"    38.2";"    34.8";"    35.2";"    29.0"
"Totaal mannen en vrouwen";"Totaal personen";"Buren";"2021";"    26.8";"    22.0";"     100";"    39.6";"    35.4";"    37.4";"    29.5"
"Totaal mannen en vrouwen";"Totaal personen";"Capelle aan den IJssel";"2021";"    66.3";"    53.6";"     100";"    34.5";"    31.8";"    35.5";"    28.8"
"Totaal mannen en vrouwen";"Totaal personen";"Castricum";"2021";"    35.5";"    29.6";"     100";"    41.8";"    37.3";"    39.8";"    31.7"
"Totaal mannen en vrouwen";"Totaal personen";"Coevorden";"2021";"    34.6";"    28.8";"     100";"    33.7";"    31.4";"    31.7";"    25.9"
"Totaal mannen en vrouwen";"Totaal personen";"Cranendonck";"2021";"    20.1";"    16.7";"     100";"    36.6";"    33.5";"    34.1";"    27.8"
"Totaal mannen en vrouwen";"Totaal personen";"Culemborg";"2021";"    28.8";"    23.1";"     100";"    36.2";"    33.6";"    36.9";"    30.2"
"Totaal mannen en vrouwen";"Totaal personen";"Dalfsen";"2021";"    28.6";"    23.4";"     100";"    36.8";"    33.9";"    33.5";"    28.3"
"Totaal mannen en vrouwen";"Totaal personen";"Dantumadiel";"2021";"    18.5";"    14.8";"     100";"    31.7";"    29.4";"    28.9";"    23.8"
"Totaal mannen en vrouwen";"Totaal personen";"Delft";"2021";"    99.2";"    81.6";"     100";"    32.1";"    28.9";"    33.6";"    26.4"
"Totaal mannen en vrouwen";"Totaal personen";"Deurne";"2021";"    31.8";"    26.3";"     100";"    35.9";"    33.1";"    33.3";"    27.3"
"Totaal mannen en vrouwen";"Totaal personen";"Deventer";"2021";"    98.9";"    80.9";"     100";"    33.7";"    31.3";"    33.5";"    27.7"
"Totaal mannen en vrouwen";"Totaal personen";"Diemen";"2021";"    30.2";"    24.6";"     100";"    35.7";"    33.6";"    38.3";"    31.0"
"Totaal mannen en vrouwen";"Totaal personen";"Dijk en Waard";"2021";"    85.0";"    68.7";"     100";"    36.2";"    33.8";"    34.7";"    29.0"
"Totaal mannen en vrouwen";"Totaal personen";"Dinkelland";"2021";"    26.1";"    22.0";"     100";"    38.7";"    35.5";"    33.1";"    28.1"
"Totaal mannen en vrouwen";"Totaal personen";"Doesburg";"2021";"    10.9";"     9.3";"     100";"    32.5";"    30.1";"    31.4";"    25.5"
"Totaal mannen en vrouwen";"Totaal personen";"Doetinchem";"2021";"    56.8";"    46.9";"     100";"    34.3";"    31.7";"    32.5";"    26.9"
"Totaal mannen en vrouwen";"Totaal personen";"Dongen";"2021";"    25.9";"    21.4";"     100";"    36.6";"    34.0";"    34.6";"    28.7"
"Totaal mannen en vrouwen";"Totaal personen";"Dordrecht";"2021";"   116.5";"    94.7";"     100";"    34.2";"    31.6";"    34.5";"    28.1"
"Totaal mannen en vrouwen";"Totaal personen";"Drechterland";"2021";"    19.6";"    16.2";"     100";"    39.0";"    34.3";"    34.8";"    28.3"
"Totaal mannen en vrouwen";"Totaal personen";"Drimmelen";"2021";"    26.7";"    22.3";"     100";"    38.0";"    34.9";"    35.6";"    28.8"
"Totaal mannen en vrouwen";"Totaal personen";"Dronten";"2021";"    41.0";"    33.3";"     100";"    35.1";"    32.4";"    33.9";"    28.2"
"Totaal mannen en vrouwen";"Totaal personen";"Druten";"2021";"    18.5";"    15.3";"     100";"    36.0";"    33.6";"    34.3";"    28.4"
"Totaal mannen en vrouwen";"Totaal personen";"Duiven";"2021";"    24.8";"    20.7";"     100";"    35.9";"    33.8";"    34.5";"    28.3"
"Totaal mannen en vrouwen";"Totaal personen";"Echt-Susteren";"2021";"    30.7";"    26.0";"     100";"    35.2";"    32.4";"    33.5";"    27.1"
"Totaal mannen en vrouwen";"Totaal personen";"Edam-Volendam";"2021";"    35.9";"    29.7";"     100";"    40.9";"    36.7";"    36.7";"    28.6"
"Totaal mannen en vrouwen";"Totaal personen";"Ede";"2021";"   116.6";"    92.7";"     100";"    36.8";"    33.4";"    35.1";"    28.7"
"Totaal mannen en vrouwen";"Totaal personen";"Eemnes";"2021";"     9.3";"     7.6";"     100";"    40.6";"    36.3";"    39.0";"    30.5"
"Totaal mannen en vrouwen";"Totaal personen";"Eemsdelta";"2021";"    44.4";"    36.7";"     100";"    30.8";"    28.7";"    30.1";"    24.6"
"Totaal mannen en vrouwen";"Totaal personen";"Eersel";"2021";"    19.1";"    15.9";"     100";"    41.6";"    36.7";"    37.9";"    30.2"
"Totaal mannen en vrouwen";"Totaal personen";"Eijsden-Margraten";"2021";"    25.5";"    21.3";"     100";"    39.0";"    35.7";"    37.4";"    30.2"
"Totaal mannen en vrouwen";"Totaal personen";"Eindhoven";"2021";"   230.0";"   189.5";"     100";"    34.3";"    30.9";"    36.5";"    28.6"
"Totaal mannen en vrouwen";"Totaal personen";"Elburg";"2021";"    23.0";"    18.3";"     100";"    34.7";"    32.1";"    32.3";"    26.4"
"Totaal mannen en vrouwen";"Totaal personen";"Emmen";"2021";"   104.9";"    87.1";"     100";"    31.7";"    29.4";"    30.2";"    24.4"
"Totaal mannen en vrouwen";"Totaal personen";"Enkhuizen";"2021";"    18.3";"    15.1";"     100";"    35.7";"    31.5";"    32.8";"    27.0"
"Totaal mannen en vrouwen";"Totaal personen";"Enschede";"2021";"   154.0";"   126.5";"     100";"    30.5";"    28.1";"    30.1";"    23.6"
"Totaal mannen en vrouwen";"Totaal personen";"Epe";"2021";"    32.6";"    27.0";"     100";"    36.8";"    32.6";"    33.4";"    26.5"
"Totaal mannen en vrouwen";"Totaal personen";"Ermelo";"2021";"    25.6";"    21.1";"     100";"    38.1";"    33.5";"    35.3";"    28.4"
"Totaal mannen en vrouwen";"Totaal personen";"Etten-Leur";"2021";"    43.2";"    35.1";"     100";"    35.7";"    33.2";"    35.1";"    28.7"
"Totaal mannen en vrouwen";"Totaal personen";"De Fryske Marren";"2021";"    50.8";"    41.9";"     100";"    34.9";"    32.0";"    32.5";"    26.3"
"Totaal mannen en vrouwen";"Totaal personen";"Geertruidenberg";"2021";"    21.4";"    17.6";"     100";"    36.0";"    32.9";"    34.6";"    28.3"
"Totaal mannen en vrouwen";"Totaal personen";"Geldrop-Mierlo";"2021";"    39.7";"    32.7";"     100";"    37.5";"    33.5";"    36.5";"    28.5"
"Totaal mannen en vrouwen";"Totaal personen";"Gemert-Bakel";"2021";"    30.5";"    25.1";"     100";"    36.1";"    33.1";"    33.4";"    27.7"
"Totaal mannen en vrouwen";"Totaal personen";"Gennep";"2021";"    16.2";"    13.7";"     100";"    34.8";"    32.6";"    32.7";"    27.4"
"Totaal mannen en vrouwen";"Totaal personen";"Gilze en Rijen";"2021";"    25.7";"    21.3";"     100";"    35.6";"    33.4";"    33.8";"    27.8"
"Totaal mannen en vrouwen";"Totaal personen";"Goeree-Overflakkee";"2021";"    49.5";"    40.3";"     100";"    37.2";"    33.6";"    35.7";"    28.2"
"Totaal mannen en vrouwen";"Totaal personen";"Goes";"2021";"    37.6";"    31.4";"     100";"    35.2";"    32.1";"    34.0";"    27.5"
"Totaal mannen en vrouwen";"Totaal personen";"Goirle";"2021";"    23.5";"    19.3";"     100";"    37.9";"    34.9";"    36.6";"    29.8"
"Totaal mannen en vrouwen";"Totaal personen";"Gooise Meren";"2021";"    57.6";"    44.8";"     100";"    50.6";"    39.9";"    51.7";"    33.7"
"Totaal mannen en vrouwen";"Totaal personen";"Gorinchem";"2021";"    36.8";"    29.8";"     100";"    35.0";"    32.0";"    35.4";"    28.2"
"Totaal mannen en vrouwen";"Totaal personen";"Gouda";"2021";"    72.3";"    58.6";"     100";"    35.2";"    32.6";"    35.9";"    29.2"
"Totaal mannen en vrouwen";"Totaal personen";"'s-Gravenhage (gemeente)";"2021";"   529.7";"   415.6";"     100";"    34.8";"    29.7";"    36.9";"    27.3"
"Totaal mannen en vrouwen";"Totaal personen";"Groningen (gemeente)";"2021";"   224.2";"   187.9";"     100";"    31.2";"    27.9";"    31.9";"    25.0"
"Totaal mannen en vrouwen";"Totaal personen";"Gulpen-Wittem";"2021";"    13.9";"    11.9";"     100";"    36.2";"    33.1";"    34.4";"    27.2"
"Totaal mannen en vrouwen";"Totaal personen";"Haaksbergen";"2021";"    23.8";"    20.0";"     100";"    35.7";"    33.5";"    32.6";"    26.9"
"Totaal mannen en vrouwen";"Totaal personen";"Haarlem";"2021";"   159.7";"   128.7";"     100";"    38.3";"    34.3";"    40.5";"    31.5"
"Totaal mannen en vrouwen";"Totaal personen";"Haarlemmermeer";"2021";"   155.7";"   125.2";"     100";"    39.8";"    35.9";"    39.8";"    31.6"
"Totaal mannen en vrouwen";"Totaal personen";"Halderberge";"2021";"    29.8";"    24.7";"     100";"    35.7";"    33.0";"    34.4";"    27.3"
"Totaal mannen en vrouwen";"Totaal personen";"Hardenberg";"2021";"    60.1";"    48.7";"     100";"    34.4";"    32.0";"    31.4";"    26.5"
"Totaal mannen en vrouwen";"Totaal personen";"Harderwijk";"2021";"    47.7";"    38.5";"     100";"    35.3";"    32.7";"    34.5";"    28.4"
"Totaal mannen en vrouwen";"Totaal personen";"Hardinxveld-Giessendam";"2021";"    18.2";"    14.1";"     100";"    36.5";"    33.2";"    34.3";"    27.4"
"Totaal mannen en vrouwen";"Totaal personen";"Harlingen";"2021";"    15.5";"    12.9";"     100";"    31.3";"    28.7";"    29.7";"    23.8"
"Totaal mannen en vrouwen";"Totaal personen";"Hattem";"2021";"    12.1";"     9.7";"     100";"    37.9";"    33.5";"    36.2";"    28.9"
"Totaal mannen en vrouwen";"Totaal personen";"Heemskerk";"2021";"    38.5";"    32.0";"     100";"    36.1";"    33.5";"    35.4";"    29.1"
"Totaal mannen en vrouwen";"Totaal personen";"Heemstede";"2021";"    26.9";"    21.2";"     100";"    51.1";"    42.5";"    53.0";"    35.4"
"Totaal mannen en vrouwen";"Totaal personen";"Heerde";"2021";"    18.4";"    15.1";"     100";"    35.8";"    32.7";"    33.6";"    27.4"
"Totaal mannen en vrouwen";"Totaal personen";"Heerenveen";"2021";"    49.8";"    40.8";"     100";"    34.1";"    31.3";"    33.0";"    26.7"
"Totaal mannen en vrouwen";"Totaal personen";"Heerlen";"2021";"    84.8";"    71.4";"     100";"    29.3";"    26.8";"    29.5";"    24.1"
"Totaal mannen en vrouwen";"Totaal personen";"Heeze-Leende";"2021";"    15.9";"    13.2";"     100";"    41.1";"    37.6";"    39.3";"    30.8"
"Totaal mannen en vrouwen";"Totaal personen";"Heiloo";"2021";"    23.8";"    19.8";"     100";"    42.1";"    37.4";"    40.5";"    31.0"
"Totaal mannen en vrouwen";"Totaal personen";"Den Helder";"2021";"    54.6";"    45.6";"     100";"    31.7";"    29.8";"    31.6";"    26.9"
"Totaal mannen en vrouwen";"Totaal personen";"Hellendoorn";"2021";"    35.3";"    29.0";"     100";"    35.0";"    32.5";"    32.1";"    27.0"
"Totaal mannen en vrouwen";"Totaal personen";"Helmond";"2021";"    91.7";"    74.4";"     100";"    33.5";"    30.7";"    33.1";"    26.6"
"Totaal mannen en vrouwen";"Totaal personen";"Hendrik-Ido-Ambacht";"2021";"    30.9";"    23.7";"     100";"    38.4";"    35.2";"    39.0";"    31.6"
"Totaal mannen en vrouwen";"Totaal personen";"Hengelo (O.)";"2021";"    79.7";"    66.4";"     100";"    33.5";"    30.8";"    32.6";"    26.7"
"Totaal mannen en vrouwen";"Totaal personen";"'s-Hertogenbosch";"2021";"   152.8";"   126.3";"     100";"    37.2";"    33.7";"    38.0";"    30.0"
"Totaal mannen en vrouwen";"Totaal personen";"Heumen";"2021";"    16.3";"    13.6";"     100";"    39.7";"    36.2";"    38.4";"    30.8"
"Totaal mannen en vrouwen";"Totaal personen";"Heusden";"2021";"    44.5";"    36.7";"     100";"    37.6";"    34.3";"    35.6";"    28.4"
"Totaal mannen en vrouwen";"Totaal personen";"Hillegom";"2021";"    21.8";"    17.9";"     100";"    37.1";"    33.9";"    36.6";"    29.8"
"Totaal mannen en vrouwen";"Totaal personen";"Hilvarenbeek";"2021";"    15.5";"    13.1";"     100";"    39.8";"    36.9";"    36.3";"    29.9"
"Totaal mannen en vrouwen";"Totaal personen";"Hilversum";"2021";"    89.5";"    71.2";"     100";"    40.3";"    34.3";"    42.2";"    30.8"
"Totaal mannen en vrouwen";"Totaal personen";"Hoeksche Waard";"2021";"    86.9";"    70.9";"     100";"    39.2";"    35.2";"    37.7";"    30.2"
"Totaal mannen en vrouwen";"Totaal personen";"Hof van Twente";"2021";"    34.5";"    29.1";"     100";"    37.0";"    33.7";"    33.3";"    27.3"
"Totaal mannen en vrouwen";"Totaal personen";"Het Hogeland";"2021";"    47.0";"    38.5";"     100";"    32.3";"    29.9";"    30.7";"    25.5"
"Totaal mannen en vrouwen";"Totaal personen";"Hollands Kroon";"2021";"    48.1";"    40.2";"     100";"    35.8";"    32.7";"    32.7";"    26.9"
"Totaal mannen en vrouwen";"Totaal personen";"Hoogeveen";"2021";"    54.2";"    44.1";"     100";"    31.8";"    29.6";"    30.0";"    25.0"
"Totaal mannen en vrouwen";"Totaal personen";"Hoorn";"2021";"    72.7";"    59.4";"     100";"    34.6";"    32.1";"    34.0";"    28.0"
"Totaal mannen en vrouwen";"Totaal personen";"Horst aan de Maas";"2021";"    41.8";"    35.9";"     100";"    37.8";"    33.8";"    32.7";"    27.4"
"Totaal mannen en vrouwen";"Totaal personen";"Houten";"2021";"    49.7";"    39.4";"     100";"    41.1";"    37.9";"    42.1";"    33.9"
"Totaal mannen en vrouwen";"Totaal personen";"Huizen";"2021";"    40.3";"    33.0";"     100";"    40.0";"    34.4";"    38.9";"    29.4"
"Totaal mannen en vrouwen";"Totaal personen";"Hulst";"2021";"    26.9";"    22.4";"     100";"    35.3";"    32.6";"    34.9";"    27.6"
"Totaal mannen en vrouwen";"Totaal personen";"IJsselstein";"2021";"    33.4";"    27.3";"     100";"    38.7";"    35.4";"    38.0";"    30.7"
"Totaal mannen en vrouwen";"Totaal personen";"Kaag en Braassem";"2021";"    27.3";"    22.6";"     100";"    40.0";"    35.8";"    37.4";"    30.3"
"Totaal mannen en vrouwen";"Totaal personen";"Kampen";"2021";"    53.5";"    42.5";"     100";"    34.1";"    31.3";"    31.6";"    26.4"
"Totaal mannen en vrouwen";"Totaal personen";"Kapelle";"2021";"    12.8";"    10.3";"     100";"    36.6";"    34.2";"    35.0";"    28.4"
"Totaal mannen en vrouwen";"Totaal personen";"Katwijk";"2021";"    64.7";"    51.6";"     100";"    37.1";"    33.7";"    34.9";"    28.2"
"Totaal mannen en vrouwen";"Totaal personen";"Kerkrade";"2021";"    44.2";"    37.1";"     100";"    29.3";"    27.1";"    29.1";"    24.2"
"Totaal mannen en vrouwen";"Totaal personen";"Koggenland";"2021";"    22.6";"    18.9";"     100";"    38.3";"    35.4";"    34.4";"    28.6"
"Totaal mannen en vrouwen";"Totaal personen";"Krimpen aan den IJssel";"2021";"    28.9";"    23.2";"     100";"    36.0";"    32.7";"    34.9";"    27.6"
"Totaal mannen en vrouwen";"Totaal personen";"Krimpenerwaard";"2021";"    55.9";"    45.1";"     100";"    37.7";"    34.1";"    35.8";"    28.9"
"Totaal mannen en vrouwen";"Totaal personen";"Laarbeek";"2021";"    22.5";"    18.6";"     100";"    36.6";"    34.1";"    33.9";"    28.2"
"Totaal mannen en vrouwen";"Totaal personen";"Land van Cuijk";"2021";"    87.7";"    73.9";"     100";"    36.8";"    33.8";"    33.7";"    27.9"
"Totaal mannen en vrouwen";"Totaal personen";"Landgraaf";"2021";"    36.3";"    30.7";"     100";"    32.0";"    29.8";"    31.2";"    26.0"
"Totaal mannen en vrouwen";"Totaal personen";"Landsmeer";"2021";"    11.5";"     9.1";"     100";"    42.9";"    37.1";"    41.9";"    31.5"
"Totaal mannen en vrouwen";"Totaal personen";"Lansingerland";"2021";"    62.7";"    48.0";"     100";"    43.3";"    38.1";"    43.3";"    34.4"
"Totaal mannen en vrouwen";"Totaal personen";"Laren (NH.)";"2021";"    10.9";"     8.5";"     100";"    73.7";"    43.2";"    58.7";"    33.9"
"Totaal mannen en vrouwen";"Totaal personen";"Leeuwarden";"2021";"   121.3";"   100.1";"     100";"    31.1";"    29.2";"    30.8";"    25.5"
"Totaal mannen en vrouwen";"Totaal personen";"Leiden";"2021";"   120.8";"   100.3";"     100";"    34.8";"    31.5";"    37.0";"    29.1"
"Totaal mannen en vrouwen";"Totaal personen";"Leiderdorp";"2021";"    27.1";"    22.1";"     100";"    38.6";"    35.9";"    39.5";"    31.9"
"Totaal mannen en vrouwen";"Totaal personen";"Leidschendam-Voorburg";"2021";"    75.0";"    60.1";"     100";"    40.1";"    35.4";"    42.0";"    32.5"
"Totaal mannen en vrouwen";"Totaal personen";"Lelystad";"2021";"    78.5";"    62.4";"     100";"    33.0";"    30.5";"    33.0";"    27.1"
"Totaal mannen en vrouwen";"Totaal personen";"Leudal";"2021";"    34.9";"    29.9";"     100";"    36.9";"    33.9";"    33.9";"    28.1"
"Totaal mannen en vrouwen";"Totaal personen";"Leusden";"2021";"    30.1";"    24.6";"     100";"    41.0";"    36.5";"    39.8";"    32.6"
"Totaal mannen en vrouwen";"Totaal personen";"Lingewaard";"2021";"    46.2";"    37.9";"     100";"    36.5";"    34.0";"    34.9";"    28.4"
"Totaal mannen en vrouwen";"Totaal personen";"Lisse";"2021";"    22.8";"    18.9";"     100";"    37.8";"    34.4";"    36.0";"    29.1"
"Totaal mannen en vrouwen";"Totaal personen";"Lochem";"2021";"    33.2";"    27.9";"     100";"    40.0";"    34.5";"    36.3";"    28.5"
"Totaal mannen en vrouwen";"Totaal personen";"Loon op Zand";"2021";"    23.2";"    19.4";"     100";"    36.9";"    33.6";"    34.2";"    28.2"
"Totaal mannen en vrouwen";"Totaal personen";"Lopik";"2021";"    14.3";"    11.6";"     100";"    39.2";"    35.8";"    35.5";"    29.0"
"Totaal mannen en vrouwen";"Totaal personen";"Losser";"2021";"    22.3";"    18.5";"     100";"    34.8";"    31.9";"    31.6";"    26.1"
"Totaal mannen en vrouwen";"Totaal personen";"Maasdriel";"2021";"    25.1";"    20.6";"     100";"    38.2";"    34.4";"    35.6";"    28.1"
"Totaal mannen en vrouwen";"Totaal personen";"Maasgouw";"2021";"    23.0";"    19.7";"     100";"    36.4";"    33.6";"    34.6";"    28.2"
"Totaal mannen en vrouwen";"Totaal personen";"Maashorst";"2021";"    57.1";"    47.5";"     100";"    36.7";"    33.7";"    34.0";"    27.8"
"Totaal mannen en vrouwen";"Totaal personen";"Maassluis";"2021";"    33.2";"    27.1";"     100";"    34.2";"    31.7";"    34.1";"    28.0"
"Totaal mannen en vrouwen";"Totaal personen";"Maastricht";"2021";"   110.7";"    94.3";"     100";"    31.5";"    28.0";"    32.3";"    24.0"
"Totaal mannen en vrouwen";"Totaal personen";"Medemblik";"2021";"    44.3";"    36.8";"     100";"    36.9";"    33.4";"    33.5";"    27.2"
"Totaal mannen en vrouwen";"Totaal personen";"Meerssen";"2021";"    18.3";"    15.5";"     100";"    38.4";"    34.7";"    37.4";"    29.3"
"Totaal mannen en vrouwen";"Totaal personen";"Meierijstad";"2021";"    80.6";"    67.0";"     100";"    38.2";"    34.2";"    34.8";"    28.4"
"Totaal mannen en vrouwen";"Totaal personen";"Meppel";"2021";"    33.6";"    27.5";"     100";"    34.2";"    31.7";"    33.5";"    27.8"
"Totaal mannen en vrouwen";"Totaal personen";"Middelburg (Z.)";"2021";"    47.7";"    39.2";"     100";"    34.1";"    31.6";"    33.5";"    27.1"
"Totaal mannen en vrouwen";"Totaal personen";"Midden-Delfland";"2021";"    19.3";"    15.6";"     100";"    42.6";"    38.2";"    40.3";"    32.5"
"Totaal mannen en vrouwen";"Totaal personen";"Midden-Drenthe";"2021";"    32.8";"    27.5";"     100";"    35.4";"    32.9";"    33.0";"    27.7"
"Totaal mannen en vrouwen";"Totaal personen";"Midden-Groningen";"2021";"    59.4";"    48.8";"     100";"    31.6";"    29.2";"    30.6";"    25.1"
"Totaal mannen en vrouwen";"Totaal personen";"Moerdijk";"2021";"    36.7";"    30.3";"     100";"    36.5";"    33.6";"    35.6";"    28.7"
"Totaal mannen en vrouwen";"Totaal personen";"Molenlanden";"2021";"    43.7";"    34.7";"     100";"    40.2";"    34.8";"    35.9";"    28.6"
"Totaal mannen en vrouwen";"Totaal personen";"Montferland";"2021";"    35.5";"    30.0";"     100";"    34.8";"    32.0";"    31.8";"    25.9"
"Totaal mannen en vrouwen";"Totaal personen";"Montfoort";"2021";"    13.8";"    11.3";"     100";"    40.4";"    36.7";"    37.8";"    30.8"
"Totaal mannen en vrouwen";"Totaal personen";"Mook en Middelaar";"2021";"     7.8";"     6.7";"     100";"    42.0";"    36.5";"    38.9";"    31.0"
"Totaal mannen en vrouwen";"Totaal personen";"Neder-Betuwe";"2021";"    24.3";"    18.8";"     100";"    36.1";"    32.3";"    32.9";"    26.4"
"Totaal mannen en vrouwen";"Totaal personen";"Nederweert";"2021";"    16.9";"    14.4";"     100";"    36.5";"    33.9";"    33.2";"    27.6"
"Totaal mannen en vrouwen";"Totaal personen";"Nieuwegein";"2021";"    63.1";"    52.0";"     100";"    34.9";"    32.7";"    35.2";"    29.8"
"Totaal mannen en vrouwen";"Totaal personen";"Nieuwkoop";"2021";"    28.5";"    23.4";"     100";"    39.8";"    35.5";"    37.0";"    30.2"
"Totaal mannen en vrouwen";"Totaal personen";"Nijkerk";"2021";"    43.2";"    34.3";"     100";"    38.4";"    34.4";"    35.4";"    28.7"
"Totaal mannen en vrouwen";"Totaal personen";"Nijmegen";"2021";"   172.4";"   143.6";"     100";"    32.0";"    29.6";"    33.5";"    26.9"
"Totaal mannen en vrouwen";"Totaal personen";"Nissewaard";"2021";"    84.4";"    68.3";"     100";"    34.0";"    32.3";"    35.2";"    28.9"
"Totaal mannen en vrouwen";"Totaal personen";"Noardeast-Fryslân";"2021";"    44.8";"    36.0";"     100";"    31.5";"    29.6";"    29.1";"    24.9"
"Totaal mannen en vrouwen";"Totaal personen";"Noord-Beveland";"2021";"     7.4";"     6.4";"     100";"    36.7";"    32.3";"    33.9";"    27.1"
"Totaal mannen en vrouwen";"Totaal personen";"Noordenveld";"2021";"    30.6";"    25.3";"     100";"    36.1";"    33.0";"    34.2";"    27.9"
"Totaal mannen en vrouwen";"Totaal personen";"Noordoostpolder";"2021";"    46.1";"    37.0";"     100";"    34.5";"    31.3";"    31.9";"    26.7"
"Totaal mannen en vrouwen";"Totaal personen";"Noordwijk";"2021";"    42.8";"    35.6";"     100";"    40.8";"    35.1";"    39.4";"    29.5"
"Totaal mannen en vrouwen";"Totaal personen";"Nuenen, Gerwen en Nederwetten";"2021";"    23.5";"    19.3";"     100";"    41.6";"    37.2";"    41.6";"    31.6"
"Totaal mannen en vrouwen";"Totaal personen";"Nunspeet";"2021";"    27.4";"    21.6";"     100";"    36.0";"    32.4";"    33.6";"    26.7"
"Totaal mannen en vrouwen";"Totaal personen";"Oegstgeest";"2021";"    24.6";"    19.0";"     100";"    49.0";"    41.5";"    52.2";"    38.6"
"Totaal mannen en vrouwen";"Totaal personen";"Oirschot";"2021";"    18.6";"    15.5";"     100";"    40.4";"    36.5";"    37.1";"    29.6"
"Totaal mannen en vrouwen";"Totaal personen";"Oisterwijk";"2021";"    31.4";"    26.4";"     100";"    42.2";"    36.4";"    38.3";"    29.1"
"Totaal mannen en vrouwen";"Totaal personen";"Oldambt";"2021";"    37.5";"    31.3";"     100";"    30.8";"    28.2";"    29.2";"    23.8"
"Totaal mannen en vrouwen";"Totaal personen";"Oldebroek";"2021";"    23.4";"    18.4";"     100";"    34.8";"    31.9";"    32.0";"    25.9"
"Totaal mannen en vrouwen";"Totaal personen";"Oldenzaal";"2021";"    31.2";"    25.9";"     100";"    34.9";"    32.0";"    32.9";"    27.0"
"Totaal mannen en vrouwen";"Totaal personen";"Olst-Wijhe";"2021";"    18.0";"    14.9";"     100";"    36.0";"    33.7";"    33.5";"    28.2"
"Totaal mannen en vrouwen";"Totaal personen";"Ommen";"2021";"    17.9";"    14.6";"     100";"    35.7";"    32.9";"    32.9";"    27.6"
"Totaal mannen en vrouwen";"Totaal personen";"Oost Gelre";"2021";"    28.8";"    24.5";"     100";"    36.4";"    33.6";"    32.4";"    27.8"
"Totaal mannen en vrouwen";"Totaal personen";"Oosterhout";"2021";"    55.7";"    45.8";"     100";"    35.9";"    32.7";"    35.2";"    28.3"
"Totaal mannen en vrouwen";"Totaal personen";"Ooststellingwerf";"2021";"    24.8";"    20.5";"     100";"    32.6";"    30.5";"    30.3";"    25.4"
"Totaal mannen en vrouwen";"Totaal personen";"Oostzaan";"2021";"     9.6";"     7.8";"     100";"    39.2";"    36.1";"    38.1";"    30.1"
"Totaal mannen en vrouwen";"Totaal personen";"Opmeer";"2021";"    11.9";"    10.0";"     100";"    37.7";"    34.2";"    33.1";"    27.8"
"Totaal mannen en vrouwen";"Totaal personen";"Opsterland";"2021";"    29.1";"    23.7";"     100";"    34.3";"    32.0";"    32.2";"    26.7"
"Totaal mannen en vrouwen";"Totaal personen";"Oss";"2021";"    91.4";"    75.6";"     100";"    35.5";"    32.5";"    33.8";"    27.5"
"Totaal mannen en vrouwen";"Totaal personen";"Oude IJsselstreek";"2021";"    38.6";"    32.3";"     100";"    33.4";"    31.2";"    30.4";"    25.4"
"Totaal mannen en vrouwen";"Totaal personen";"Ouder-Amstel";"2021";"    13.9";"    11.3";"     100";"    45.6";"    38.8";"    45.9";"    33.2"
"Totaal mannen en vrouwen";"Totaal personen";"Oudewater";"2021";"    10.0";"     8.2";"     100";"    41.7";"    36.2";"    37.2";"    30.1"
"Totaal mannen en vrouwen";"Totaal personen";"Overbetuwe";"2021";"    47.5";"    38.3";"     100";"    37.4";"    34.5";"    36.5";"    29.8"
"Totaal mannen en vrouwen";"Totaal personen";"Papendrecht";"2021";"    31.9";"    25.9";"     100";"    36.1";"    33.4";"    35.8";"    29.2"
"Totaal mannen en vrouwen";"Totaal personen";"Peel en Maas";"2021";"    42.8";"    36.3";"     100";"    36.0";"    33.5";"    32.5";"    27.2"
"Totaal mannen en vrouwen";"Totaal personen";"Pekela";"2021";"    12.0";"     9.9";"     100";"    29.3";"    27.3";"    27.4";"    23.0"
"Totaal mannen en vrouwen";"Totaal personen";"Pijnacker-Nootdorp";"2021";"    54.8";"    42.6";"     100";"    42.0";"    38.3";"    42.4";"    34.3"
"Totaal mannen en vrouwen";"Totaal personen";"Purmerend";"2021";"    90.2";"    74.7";"     100";"    35.3";"    32.9";"    34.7";"    28.6"
"Totaal mannen en vrouwen";"Totaal personen";"Putten";"2021";"    24.0";"    19.3";"     100";"    37.8";"    33.7";"    34.7";"    27.2"
"Totaal mannen en vrouwen";"Totaal personen";"Raalte";"2021";"    37.3";"    31.0";"     100";"    35.9";"    33.3";"    32.8";"    27.9"
"Totaal mannen en vrouwen";"Totaal personen";"Reimerswaal";"2021";"    22.6";"    17.6";"     100";"    34.8";"    31.3";"    32.5";"    26.4"
"Totaal mannen en vrouwen";"Totaal personen";"Renkum";"2021";"    30.3";"    25.2";"     100";"    39.9";"    35.0";"    39.5";"    30.7"
"Totaal mannen en vrouwen";"Totaal personen";"Renswoude";"2021";"     5.5";"     4.3";"     100";"    39.5";"    34.6";"    37.4";"    30.7"
"Totaal mannen en vrouwen";"Totaal personen";"Reusel-De Mierden";"2021";"    13.0";"    10.7";"     100";"    37.5";"    34.3";"    33.9";"    28.2"
"Totaal mannen en vrouwen";"Totaal personen";"Rheden";"2021";"    42.4";"    35.4";"     100";"    34.7";"    31.3";"    34.0";"    26.8"
"Totaal mannen en vrouwen";"Totaal personen";"Rhenen";"2021";"    19.8";"    15.8";"     100";"    38.9";"    33.4";"    36.0";"    28.4"
"Totaal mannen en vrouwen";"Totaal personen";"Ridderkerk";"2021";"    46.1";"    37.6";"     100";"    34.6";"    31.6";"    33.8";"    27.6"
"Totaal mannen en vrouwen";"Totaal personen";"Rijssen-Holten";"2021";"    37.7";"    29.6";"     100";"    36.7";"    32.4";"    32.2";"    26.4"
"Totaal mannen en vrouwen";"Totaal personen";"Rijswijk (ZH.)";"2021";"    54.0";"    43.0";"     100";"    35.7";"    32.3";"    38.3";"    30.9"
"Totaal mannen en vrouwen";"Totaal personen";"Roerdalen";"2021";"    20.2";"    17.2";"     100";"    34.7";"    32.2";"    32.8";"    26.9"
"Totaal mannen en vrouwen";"Totaal personen";"Roermond";"2021";"    57.6";"    47.9";"     100";"    32.9";"    30.0";"    32.9";"    26.3"
"Totaal mannen en vrouwen";"Totaal personen";"De Ronde Venen";"2021";"    44.3";"    36.3";"     100";"    44.4";"    37.2";"    42.7";"    31.1"
"Totaal mannen en vrouwen";"Totaal personen";"Roosendaal";"2021";"    75.7";"    62.4";"     100";"    33.9";"    31.6";"    33.3";"    27.0"
"Totaal mannen en vrouwen";"Totaal personen";"Rotterdam";"2021";"   633.7";"   509.1";"     100";"    32.2";"    27.9";"    33.9";"    25.8"
"Totaal mannen en vrouwen";"Totaal personen";"Rozendaal";"2021";"     1.7";"     1.4";"     100";"    54.8";"    46.0";"    55.8";"    41.9"
"Totaal mannen en vrouwen";"Totaal personen";"Rucphen";"2021";"    22.8";"    19.2";"     100";"    35.1";"    32.6";"    32.4";"    25.5"
"Totaal mannen en vrouwen";"Totaal personen";"Schagen";"2021";"    45.8";"    38.7";"     100";"    37.4";"    33.9";"    33.8";"    27.6"
"Totaal mannen en vrouwen";"Totaal personen";"Scherpenzeel";"2021";"    10.0";"     7.9";"     100";"    36.6";"    33.9";"    34.5";"    29.3"
"Totaal mannen en vrouwen";"Totaal personen";"Schiedam";"2021";"    77.5";"    62.4";"     100";"    32.4";"    29.9";"    33.3";"    27.4"
"Totaal mannen en vrouwen";"Totaal personen";"Schiermonnikoog";"2021";"     0.9";"     0.8";"     100";"    34.7";"    30.6";"    32.9";"    25.8"
"Totaal mannen en vrouwen";"Totaal personen";"Schouwen-Duiveland";"2021";"    33.6";"    28.4";"     100";"    37.2";"    32.8";"    34.2";"    26.5"
"Totaal mannen en vrouwen";"Totaal personen";"Simpelveld";"2021";"    10.3";"     8.8";"     100";"    33.6";"    31.5";"    32.3";"    26.2"
"Totaal mannen en vrouwen";"Totaal personen";"Sint-Michielsgestel";"2021";"    29.0";"    23.7";"     100";"    41.2";"    36.8";"    38.4";"    30.3"
"Totaal mannen en vrouwen";"Totaal personen";"Sittard-Geleen";"2021";"    89.8";"    75.8";"     100";"    33.0";"    30.5";"    33.1";"    26.2"
"Totaal mannen en vrouwen";"Totaal personen";"Sliedrecht";"2021";"    24.6";"    19.4";"     100";"    33.8";"    31.6";"    33.3";"    27.4"
"Totaal mannen en vrouwen";"Totaal personen";"Sluis";"2021";"    22.8";"    19.3";"     100";"    34.8";"    31.5";"    32.7";"    25.9"
"Totaal mannen en vrouwen";"Totaal personen";"Smallingerland";"2021";"    54.4";"    44.3";"     100";"    32.1";"    29.9";"    30.9";"    25.5"
"Totaal mannen en vrouwen";"Totaal personen";"Soest";"2021";"    46.3";"    37.8";"     100";"    40.2";"    35.7";"    39.8";"    30.4"
"Totaal mannen en vrouwen";"Totaal personen";"Someren";"2021";"    19.2";"    15.9";"     100";"    37.4";"    33.7";"    33.7";"    27.9"
"Totaal mannen en vrouwen";"Totaal personen";"Son en Breugel";"2021";"    17.3";"    13.9";"     100";"    41.5";"    36.9";"    41.3";"    32.1"
"Totaal mannen en vrouwen";"Totaal personen";"Stadskanaal";"2021";"    31.1";"    25.9";"     100";"    30.6";"    28.2";"    28.4";"    23.2"
"Totaal mannen en vrouwen";"Totaal personen";"Staphorst";"2021";"    17.2";"    13.0";"     100";"    36.7";"    32.8";"    31.5";"    26.6"
"Totaal mannen en vrouwen";"Totaal personen";"Stede Broec";"2021";"    21.5";"    17.7";"     100";"    35.2";"    31.9";"    32.3";"    26.6"
"Totaal mannen en vrouwen";"Totaal personen";"Steenbergen";"2021";"    23.7";"    19.8";"     100";"    35.3";"    32.7";"    34.1";"    27.5"
"Totaal mannen en vrouwen";"Totaal personen";"Steenwijkerland";"2021";"    43.7";"    36.0";"     100";"    34.3";"    31.2";"    31.8";"    26.2"
"Totaal mannen en vrouwen";"Totaal personen";"Stein (L.)";"2021";"    24.6";"    21.0";"     100";"    34.4";"    32.0";"    33.2";"    26.7"
"Totaal mannen en vrouwen";"Totaal personen";"Stichtse Vecht";"2021";"    64.3";"    51.8";"     100";"    43.8";"    35.9";"    41.7";"    31.4"
"Totaal mannen en vrouwen";"Totaal personen";"Súdwest-Fryslân";"2021";"    88.3";"    72.5";"     100";"    33.6";"    31.2";"    31.4";"    25.7"
"Totaal mannen en vrouwen";"Totaal personen";"Terneuzen";"2021";"    53.5";"    44.3";"     100";"    33.9";"    31.5";"    34.0";"    26.9"
"Totaal mannen en vrouwen";"Totaal personen";"Terschelling";"2021";"     4.8";"     4.1";"     100";"    37.0";"    32.6";"    33.9";"    26.0"
"Totaal mannen en vrouwen";"Totaal personen";"Texel";"2021";"    13.3";"    11.5";"     100";"    35.3";"    31.9";"    31.1";"    25.5"
"Totaal mannen en vrouwen";"Totaal personen";"Teylingen";"2021";"    37.2";"    30.3";"     100";"    42.0";"    36.7";"    41.1";"    31.8"
"Totaal mannen en vrouwen";"Totaal personen";"Tholen";"2021";"    25.7";"    20.4";"     100";"    34.8";"    31.9";"    32.8";"    26.7"
"Totaal mannen en vrouwen";"Totaal personen";"Tiel";"2021";"    41.1";"    33.6";"     100";"    33.4";"    31.0";"    32.9";"    26.8"
"Totaal mannen en vrouwen";"Totaal personen";"Tilburg";"2021";"   215.9";"   179.3";"     100";"    32.6";"    30.4";"    32.4";"    26.5"
"Totaal mannen en vrouwen";"Totaal personen";"Tubbergen";"2021";"    21.1";"    17.6";"     100";"    39.0";"    35.1";"    32.9";"    27.7"
"Totaal mannen en vrouwen";"Totaal personen";"Twenterand";"2021";"    33.3";"    26.5";"     100";"    33.4";"    30.8";"    30.2";"    25.6"
"Totaal mannen en vrouwen";"Totaal personen";"Tynaarlo";"2021";"    32.9";"    26.4";"     100";"    39.4";"    35.7";"    39.0";"    31.4"
"Totaal mannen en vrouwen";"Totaal personen";"Tytsjerksteradiel";"2021";"    31.1";"    25.3";"     100";"    33.7";"    31.5";"    31.3";"    26.7"
"Totaal mannen en vrouwen";"Totaal personen";"Uitgeest";"2021";"    13.6";"    11.1";"     100";"    39.2";"    36.4";"    38.1";"    31.6"
"Totaal mannen en vrouwen";"Totaal personen";"Uithoorn";"2021";"    29.8";"    24.1";"     100";"    38.3";"    34.9";"    38.8";"    31.2"
"Totaal mannen en vrouwen";"Totaal personen";"Urk";"2021";"    20.9";"    14.7";"     100";"    35.4";"    31.8";"    31.5";"    25.0"
"Totaal mannen en vrouwen";"Totaal personen";"Utrecht (gemeente)";"2021";"   351.6";"   282.1";"     100";"    36.7";"    33.9";"    40.1";"    33.2"
"Totaal mannen en vrouwen";"Totaal personen";"Utrechtse Heuvelrug";"2021";"    48.0";"    38.8";"     100";"    43.9";"    37.4";"    42.9";"    31.6"
"Totaal mannen en vrouwen";"Totaal personen";"Vaals";"2021";"     9.2";"     7.7";"     100";"    31.0";"    27.4";"    31.4";"    23.8"
"Totaal mannen en vrouwen";"Totaal personen";"Valkenburg aan de Geul";"2021";"    15.9";"    13.7";"     100";"    36.7";"    32.5";"    34.8";"    27.0"
"Totaal mannen en vrouwen";"Totaal personen";"Valkenswaard";"2021";"    30.8";"    26.0";"     100";"    36.4";"    32.7";"    34.7";"    27.4"
"Totaal mannen en vrouwen";"Totaal personen";"Veendam";"2021";"    27.0";"    22.2";"     100";"    31.1";"    29.0";"    29.9";"    24.7"
"Totaal mannen en vrouwen";"Totaal personen";"Veenendaal";"2021";"    65.9";"    52.3";"     100";"    34.7";"    32.1";"    34.1";"    27.7"
"Totaal mannen en vrouwen";"Totaal personen";"Veere";"2021";"    21.6";"    17.9";"     100";"    38.1";"    34.1";"    34.4";"    27.1"
"Totaal mannen en vrouwen";"Totaal personen";"Veldhoven";"2021";"    44.7";"    36.7";"     100";"    38.7";"    34.9";"    38.9";"    30.3"
"Totaal mannen en vrouwen";"Totaal personen";"Velsen";"2021";"    67.6";"    55.9";"     100";"    36.4";"    33.5";"    35.8";"    28.7"
"Totaal mannen en vrouwen";"Totaal personen";"Venlo";"2021";"   100.0";"    83.6";"     100";"    32.4";"    29.9";"    31.1";"    25.3"
"Totaal mannen en vrouwen";"Totaal personen";"Venray";"2021";"    42.7";"    36.1";"     100";"    35.4";"    32.8";"    33.0";"    27.2"
"Totaal mannen en vrouwen";"Totaal personen";"Vijfheerenlanden";"2021";"    56.9";"    45.6";"     100";"    36.6";"    33.6";"    35.2";"    28.7"
"Totaal mannen en vrouwen";"Totaal personen";"Vlaardingen";"2021";"    72.4";"    58.5";"     100";"    32.7";"    30.2";"    33.3";"    27.3"
"Totaal mannen en vrouwen";"Totaal personen";"Vlieland";"2021";"     1.1";"     1.0";"     100";"    36.2";"    30.7";"    33.9";"    26.8"
"Totaal mannen en vrouwen";"Totaal personen";"Vlissingen";"2021";"    43.5";"    36.4";"     100";"    31.7";"    29.8";"    31.4";"    25.6"
"Totaal mannen en vrouwen";"Totaal personen";"Voerendaal";"2021";"    12.3";"    10.4";"     100";"    36.5";"    34.0";"    35.8";"    28.5"
"Totaal mannen en vrouwen";"Totaal personen";"Voorne aan Zee";"2021";"    71.7";"    59.0";"     100";"    38.6";"    35.2";"    39.4";"    30.8"
"Totaal mannen en vrouwen";"Totaal personen";"Voorschoten";"2021";"    25.1";"    19.9";"     100";"    43.1";"    38.1";"    44.2";"    34.2"
"Totaal mannen en vrouwen";"Totaal personen";"Voorst";"2021";"    24.0";"    19.8";"     100";"    38.1";"    34.2";"    35.2";"    28.0"
"Totaal mannen en vrouwen";"Totaal personen";"Vught";"2021";"    30.5";"    24.5";"     100";"    46.0";"    37.5";"    43.6";"    32.3"
"Totaal mannen en vrouwen";"Totaal personen";"Waadhoeke";"2021";"    45.2";"    37.2";"     100";"    32.5";"    30.6";"    30.3";"    25.7"
"Totaal mannen en vrouwen";"Totaal personen";"Waalre";"2021";"    17.4";"    14.0";"     100";"    44.9";"    38.5";"    45.0";"    32.8"
"Totaal mannen en vrouwen";"Totaal personen";"Waalwijk";"2021";"    48.2";"    39.8";"     100";"    35.0";"    32.1";"    33.4";"    27.1"
"Totaal mannen en vrouwen";"Totaal personen";"Waddinxveen";"2021";"    30.1";"    24.0";"     100";"    36.6";"    33.9";"    36.2";"    30.1"
"Totaal mannen en vrouwen";"Totaal personen";"Wageningen";"2021";"    36.7";"    29.8";"     100";"    30.7";"    28.9";"    32.3";"    25.7"
"Totaal mannen en vrouwen";"Totaal personen";"Wassenaar";"2021";"    26.1";"    19.8";"     100";"    58.6";"    38.9";"    61.4";"    31.5"
"Totaal mannen en vrouwen";"Totaal personen";"Waterland";"2021";"    17.2";"    14.0";"     100";"    42.2";"    36.8";"    40.7";"    30.5"
"Totaal mannen en vrouwen";"Totaal personen";"Weert";"2021";"    49.0";"    41.2";"     100";"    35.3";"    32.5";"    33.6";"    27.0"
"Totaal mannen en vrouwen";"Totaal personen";"West Betuwe";"2021";"    50.8";"    41.0";"     100";"    39.2";"    35.3";"    36.9";"    29.3"
"Totaal mannen en vrouwen";"Totaal personen";"West Maas en Waal";"2021";"    19.3";"    16.0";"     100";"    36.9";"    34.2";"    34.8";"    28.2"
"Totaal mannen en vrouwen";"Totaal personen";"Westerkwartier";"2021";"    62.5";"    50.1";"     100";"    34.8";"    32.2";"    33.0";"    27.7"
"Totaal mannen en vrouwen";"Totaal personen";"Westerveld";"2021";"    19.1";"    16.2";"     100";"    36.5";"    33.2";"    33.8";"    27.1"
"Totaal mannen en vrouwen";"Totaal personen";"Westervoort";"2021";"    14.8";"    12.3";"     100";"    33.3";"    31.2";"    33.0";"    27.8"
"Totaal mannen en vrouwen";"Totaal personen";"Westerwolde";"2021";"    24.2";"    20.3";"     100";"    31.7";"    29.6";"    29.4";"    24.3"
"Totaal mannen en vrouwen";"Totaal personen";"Westland";"2021";"   109.7";"    90.2";"     100";"    38.7";"    35.2";"    35.6";"    28.9"
"Totaal mannen en vrouwen";"Totaal personen";"Weststellingwerf";"2021";"    25.6";"    21.1";"     100";"    32.4";"    30.4";"    30.1";"    25.4"
"Totaal mannen en vrouwen";"Totaal personen";"Wierden";"2021";"    24.3";"    19.8";"     100";"    38.7";"    34.6";"    34.4";"    28.2"
"Totaal mannen en vrouwen";"Totaal personen";"Wijchen";"2021";"    40.7";"    33.8";"     100";"    37.1";"    33.8";"    35.2";"    28.2"
"Totaal mannen en vrouwen";"Totaal personen";"Wijdemeren";"2021";"    24.2";"    19.8";"     100";"    45.1";"    37.1";"    42.1";"    30.7"
"Totaal mannen en vrouwen";"Totaal personen";"Wijk bij Duurstede";"2021";"    23.7";"    19.5";"     100";"    38.8";"    35.2";"    37.5";"    30.6"
"Totaal mannen en vrouwen";"Totaal personen";"Winterswijk";"2021";"    28.4";"    23.9";"     100";"    33.6";"    30.9";"    30.6";"    25.1"
"Totaal mannen en vrouwen";"Totaal personen";"Woensdrecht";"2021";"    21.6";"    17.7";"     100";"    35.0";"    32.8";"    34.7";"    27.7"
"Totaal mannen en vrouwen";"Totaal personen";"Woerden";"2021";"    52.0";"    41.8";"     100";"    40.1";"    36.0";"    39.3";"    31.3"
"Totaal mannen en vrouwen";"Totaal personen";"De Wolden";"2021";"    23.9";"    19.9";"     100";"    37.9";"    34.1";"    33.8";"    27.9"
"Totaal mannen en vrouwen";"Totaal personen";"Wormerland";"2021";"    16.2";"    13.5";"     100";"    38.3";"    34.2";"    35.8";"    28.7"
"Totaal mannen en vrouwen";"Totaal personen";"Woudenberg";"2021";"    13.3";"    10.4";"     100";"    38.1";"    35.0";"    36.4";"    30.0"
"Totaal mannen en vrouwen";"Totaal personen";"Zaanstad";"2021";"   154.5";"   125.0";"     100";"    33.9";"    31.6";"    33.9";"    28.0"
"Totaal mannen en vrouwen";"Totaal personen";"Zaltbommel";"2021";"    29.1";"    23.2";"     100";"    36.9";"    33.3";"    35.2";"    27.6"
"Totaal mannen en vrouwen";"Totaal personen";"Zandvoort";"2021";"    16.7";"    14.0";"     100";"    38.5";"    32.7";"    37.9";"    27.4"
"Totaal mannen en vrouwen";"Totaal personen";"Zeewolde";"2021";"    22.7";"    18.3";"     100";"    37.4";"    33.8";"    36.6";"    29.9"
"Totaal mannen en vrouwen";"Totaal personen";"Zeist";"2021";"    62.5";"    49.6";"     100";"    42.7";"    35.6";"    43.6";"    30.8"
"Totaal mannen en vrouwen";"Totaal personen";"Zevenaar";"2021";"    43.5";"    36.4";"     100";"    33.7";"    31.3";"    32.1";"    26.9"
"Totaal mannen en vrouwen";"Totaal personen";"Zoetermeer";"2021";"   124.2";"   100.1";"     100";"    35.2";"    33.2";"    36.4";"    30.5"
"Totaal mannen en vrouwen";"Totaal personen";"Zoeterwoude";"2021";"     8.4";"     6.9";"     100";"    40.7";"    37.0";"    39.6";"    32.0"
"Totaal mannen en vrouwen";"Totaal personen";"Zuidplas";"2021";"    44.4";"    35.2";"     100";"    39.3";"    35.7";"    38.7";"    31.3"
"Totaal mannen en vrouwen";"Totaal personen";"Zundert";"2021";"    21.4";"    18.1";"     100";"    37.8";"    34.4";"    34.0";"    27.8"
"Totaal mannen en vrouwen";"Totaal personen";"Zutphen";"2021";"    46.5";"    38.5";"     100";"    33.3";"    30.9";"    32.7";"    26.7"
"Totaal mannen en vrouwen";"Totaal personen";"Zwartewaterland";"2021";"    22.5";"    17.6";"     100";"    36.7";"    32.2";"    32.9";"    26.8"
"Totaal mannen en vrouwen";"Totaal personen";"Zwijndrecht";"2021";"    44.2";"    35.7";"     100";"    34.0";"    31.2";"    33.9";"    27.6"
"Totaal mannen en vrouwen";"Totaal personen";"Zwolle";"2021";"   127.5";"   103.1";"     100";"    34.8";"    32.5";"    35.3";"    29.4"
