"Woningvoorraad; woningtype op 1 januari, regio"
""
"";""
"";"Onderwerp";"Beginstand woningvoorraad";"Beginstand woningvoorraad";"Beginstand woningvoorraad";"Beginstand woningvoorraad";"Beginstand woningvoorraad";"Beginstand woningvoorraad";"Beginstand woningvoorraad";"Beginstand woningvoorraad"
"";"Woningtype";"Totaal woningen";"Meergezinswoningen totaal";"Eengezinswoningen totaal";"Vrijstaande woning";"2-onder-1-kapwoning";"Hoekwoning";"Tussenwoning";"Onbekend woningtype eengezinswoning"
"Regio's";"Perioden";"aantal";"aantal";"aantal";"aantal";"aantal";"aantal";"aantal";"aantal"
"Nederland";"2021";"7966331";"2870532";"5095799";"1035389";"698022";"1012593";"2347198";"2597"
"Aa en Hunze";"2021";"11207";"945";"10262";"5566";"2621";"925";"1149";"1"
"Aalsmeer";"2021";"13284";"2895";"10389";"1962";"1111";"2339";"4972";"5"
"Aalten";"2021";"12028";"2135";"9893";"3075";"2313";"1914";"2587";"4"
"Achtkarspelen";"2021";"12181";"1482";"10699";"5232";"1871";"1559";"1971";"66"
"Alblasserdam";"2021";"8408";"2680";"5728";"499";"467";"1380";"3380";"2"
"Albrandswaard";"2021";"10573";"1976";"8597";"1062";"1109";"1926";"4497";"3"
"Alkmaar";"2021";"51656";"18893";"32763";"3270";"1887";"7254";"20208";"144"
"Almelo";"2021";"33827";"9717";"24110";"4014";"3749";"5644";"10693";"10"
"Almere";"2021";"87259";"24507";"62752";"5416";"2673";"11946";"42688";"29"
"Alphen aan den Rijn";"2021";"48893";"17061";"31832";"3791";"2690";"6866";"18480";"5"
"Alphen-Chaam";"2021";"4432";"496";"3936";"2044";"843";"457";"591";"1"
"Altena";"2021";"22587";"2618";"19969";"6575";"3755";"3853";"5770";"16"
"Ameland";"2021";"1753";"355";"1398";"848";"435";"55";"59";"1"
"Amersfoort";"2021";"68809";"25452";"43357";"2580";"4262";"9626";"26881";"8"
"Amstelveen";"2021";"42251";"21626";"20625";"1201";"838";"4715";"13831";"40"
"Amsterdam";"2021";"449989";"395609";"54380";"2497";"2395";"9413";"40039";"36"
"Apeldoorn";"2021";"74184";"21559";"52625";"12819";"7955";"9887";"21952";"12"
"Arnhem";"2021";"77839";"37747";"40092";"2187";"3589";"9398";"24898";"20"
"Assen";"2021";"32538";"9572";"22966";"3283";"4328";"4882";"10471";"2"
"Asten";"2021";"7069";"1024";"6045";"2001";"980";"1130";"1934";"0"
"Baarle-Nassau";"2021";"2916";"395";"2521";"1185";"384";"361";"591";"0"
"Baarn";"2021";"11700";"3928";"7772";"1162";"1718";"1745";"3132";"15"
"Barendrecht";"2021";"19433";"5032";"14401";"1049";"1292";"3388";"8671";"1"
"Barneveld";"2021";"23146";"5014";"18132";"4804";"2528";"3563";"7232";"5"
"Beek (L.)";"2021";"7496";"1810";"5686";"1341";"1697";"1028";"1619";"1"
"Beekdaelen";"2021";"16711";"2537";"14174";"4067";"4099";"2436";"3564";"8"
"Beemster";"2021";"4051";"424";"3627";"1467";"550";"594";"1013";"3"
"Beesel";"2021";"6040";"877";"5163";"1344";"1246";"908";"1664";"1"
"Berg en Dal";"2021";"15854";"3113";"12741";"3357";"2648";"2745";"3990";"1"
"Bergeijk";"2021";"8027";"1075";"6952";"3193";"1415";"989";"1355";"0"
"Bergen (L.)";"2021";"5793";"402";"5391";"2180";"1746";"613";"852";"0"
"Bergen (NH.)";"2021";"15353";"4424";"10929";"3939";"1484";"1881";"3617";"8"
"Bergen op Zoom";"2021";"30921";"9336";"21585";"3198";"1964";"4594";"11823";"6"
"Berkelland";"2021";"19594";"3664";"15930";"5824";"3537";"2789";"3780";"0"
"Bernheze";"2021";"12798";"1511";"11287";"4243";"2361";"1737";"2945";"1"
"Best";"2021";"12977";"2587";"10390";"1697";"1151";"2274";"5268";"0"
"Beuningen";"2021";"11262";"1724";"9538";"2170";"1578";"2099";"3690";"1"
"Beverwijk";"2021";"19511";"8728";"10783";"938";"1454";"2327";"6055";"9"
"De Bilt";"2021";"19738";"6960";"12778";"2544";"2557";"2534";"5140";"3"
"Bladel";"2021";"8841";"1415";"7426";"2616";"1906";"1146";"1753";"5"
"Blaricum";"2021";"5175";"688";"4487";"1247";"940";"990";"1309";"1"
"Bloemendaal";"2021";"10166";"2776";"7390";"1611";"1493";"1704";"2578";"4"
"Bodegraven-Reeuwijk";"2021";"14676";"2911";"11765";"2298";"1237";"2670";"5557";"3"
"Boekel";"2021";"4397";"579";"3818";"1738";"1105";"386";"584";"5"
"Borger-Odoorn";"2021";"11224";"810";"10414";"6023";"2538";"805";"1048";"0"
"Borne";"2021";"10105";"1539";"8566";"1752";"2194";"1701";"2919";"0"
"Borsele";"2021";"9850";"768";"9082";"3791";"1667";"1514";"2108";"2"
"Boxmeer";"2021";"12740";"2129";"10611";"4155";"2437";"1489";"2530";"0"
"Boxtel";"2021";"14379";"3771";"10608";"2331";"1765";"2226";"4275";"11"
"Breda";"2021";"85230";"33679";"51551";"6455";"4203";"10735";"30089";"69"
"Brielle";"2021";"8110";"1648";"6462";"809";"357";"1507";"3788";"1"
"Bronckhorst";"2021";"16213";"2578";"13635";"5682";"3602";"1791";"2558";"2"
"Brummen";"2021";"9416";"1162";"8254";"2245";"1593";"1731";"2684";"1"
"Brunssum";"2021";"14464";"4449";"10015";"1192";"2072";"2477";"4274";"0"
"Bunnik";"2021";"6484";"1079";"5405";"682";"988";"1281";"2454";"0"
"Bunschoten";"2021";"8550";"1804";"6746";"685";"838";"1662";"3561";"0"
"Buren";"2021";"10933";"833";"10100";"4208";"1828";"1737";"2327";"0"
"Capelle aan den IJssel";"2021";"31556";"17564";"13992";"573";"704";"3159";"9553";"3"
"Castricum";"2021";"16231";"3683";"12548";"2508";"1844";"2640";"5552";"4"
"Coevorden";"2021";"15580";"2055";"13525";"5736";"3459";"1700";"2619";"11"
"Cranendonck";"2021";"9044";"819";"8225";"3018";"1769";"1365";"2069";"4"
"Cuijk";"2021";"11335";"2393";"8942";"2217";"1387";"1849";"3488";"1"
"Culemborg";"2021";"12729";"3176";"9553";"986";"1019";"2395";"5153";"0"
"Dalfsen";"2021";"12056";"1584";"10472";"4354";"2521";"1469";"2127";"1"
"Dantumadiel";"2021";"8202";"800";"7402";"4143";"1147";"904";"1195";"13"
"Delft";"2021";"51495";"34233";"17262";"385";"559";"3336";"12949";"33"
"Deurne";"2021";"14052";"2014";"12038";"4094";"2183";"2162";"3593";"6"
"Deventer";"2021";"46224";"15121";"31103";"4254";"3598";"6674";"16568";"9"
"Diemen";"2021";"15467";"9736";"5731";"156";"174";"1409";"3991";"1"
"Dijk en Waard";"2021";"";"";"";"";"";"";"";""
"Dinkelland";"2021";"11047";"1615";"9432";"4704";"2392";"1062";"1273";"1"
"Doesburg";"2021";"5313";"1159";"4154";"439";"477";"1086";"2152";"0"
"Doetinchem";"2021";"26509";"6612";"19897";"4208";"3542";"4097";"8047";"3"
"Dongen";"2021";"11456";"1791";"9665";"1990";"1481";"1993";"4194";"7"
"Dordrecht";"2021";"55813";"24565";"31248";"1499";"2062";"6737";"20923";"27"
"Drechterland";"2021";"8410";"967";"7443";"2985";"1045";"1200";"2207";"6"
"Drimmelen";"2021";"11845";"1558";"10287";"3158";"1932";"1882";"3308";"7"
"Dronten";"2021";"17730";"2327";"15403";"3801";"1855";"2879";"6843";"25"
"Druten";"2021";"8202";"1471";"6731";"1761";"1169";"1518";"2261";"22"
"Duiven";"2021";"10760";"1448";"9312";"1439";"1118";"2030";"4725";"0"
"Echt-Susteren";"2021";"14713";"2307";"12406";"4108";"2795";"2146";"3357";"0"
"Edam-Volendam";"2021";"15432";"2065";"13367";"1665";"850";"3264";"7587";"1"
"Ede";"2021";"50056";"15820";"34236";"8716";"4833";"6199";"14486";"2"
"Eemnes";"2021";"4091";"439";"3652";"422";"415";"889";"1926";"0"
"Eemsdelta";"2021";"23083";"4809";"18274";"7184";"3642";"2681";"4765";"2"
"Eersel";"2021";"8511";"1474";"7037";"2769";"1429";"1195";"1640";"4"
"Eijsden-Margraten";"2021";"11367";"1735";"9632";"2792";"2262";"1635";"2939";"4"
"Eindhoven";"2021";"114398";"45042";"69356";"4389";"2690";"15099";"47164";"14"
"Elburg";"2021";"9595";"1474";"8121";"1838";"1162";"1754";"3337";"30"
"Emmen";"2021";"49528";"9953";"39575";"12224";"8338";"6462";"12535";"16"
"Enkhuizen";"2021";"8880";"2350";"6530";"741";"754";"1635";"3382";"18"
"Enschede";"2021";"75925";"27829";"48096";"6263";"9539";"11296";"20969";"29"
"Epe";"2021";"14697";"3107";"11590";"4638";"1403";"1959";"3590";"0"
"Ermelo";"2021";"11360";"2675";"8685";"2621";"1355";"1736";"2973";"0"
"Etten-Leur";"2021";"19154";"3567";"15587";"2574";"1095";"3371";"8544";"3"
"De Fryske Marren";"2021";"23460";"2211";"21249";"8818";"5199";"3122";"4110";"0"
"Geertruidenberg";"2021";"9648";"1911";"7737";"1123";"995";"1895";"3723";"1"
"Geldrop-Mierlo";"2021";"18078";"3835";"14243";"2294";"1436";"3073";"7440";"0"
"Gemert-Bakel";"2021";"12649";"1820";"10829";"3607";"2517";"2032";"2673";"0"
"Gennep";"2021";"7490";"908";"6582";"2104";"1425";"1084";"1969";"0"
"Gilze en Rijen";"2021";"11392";"1690";"9702";"2084";"1387";"2179";"4048";"4"
"Goeree-Overflakkee";"2021";"22098";"3058";"19040";"4982";"3066";"3848";"7133";"11"
"Goes";"2021";"18633";"4774";"13859";"3013";"2090";"3012";"5736";"8"
"Goirle";"2021";"10423";"1694";"8729";"1529";"1301";"1975";"3924";"0"
"Gooise Meren";"2021";"26896";"8625";"18271";"1480";"3470";"4464";"8851";"6"
"Gorinchem";"2021";"17288";"7492";"9796";"852";"828";"2286";"5826";"4"
"Gouda";"2021";"33725";"13951";"19774";"560";"787";"4294";"14113";"20"
"Grave";"2021";"5492";"1070";"4422";"945";"648";"994";"1835";"0"
"'s-Gravenhage (gemeente)";"2021";"265959";"209652";"56307";"2313";"3063";"9259";"41662";"10"
"Groningen (gemeente)";"2021";"118922";"71715";"47207";"6256";"6276";"8737";"25929";"9"
"Gulpen-Wittem";"2021";"6880";"1462";"5418";"1792";"1427";"913";"1285";"1"
"Haaksbergen";"2021";"10571";"1784";"8787";"2470";"2213";"1685";"2419";"0"
"Haarlem";"2021";"77201";"38669";"38532";"621";"878";"6512";"30512";"9"
"Haarlemmermeer";"2021";"65214";"16471";"48743";"4970";"4750";"10113";"28903";"7"
"Halderberge";"2021";"13488";"1741";"11747";"3857";"1717";"2206";"3965";"2"
"Hardenberg";"2021";"25177";"3709";"21468";"7993";"4454";"3436";"5584";"1"
"Harderwijk";"2021";"20677";"6520";"14157";"1780";"1244";"3363";"7766";"4"
"Hardinxveld-Giessendam";"2021";"7514";"1862";"5652";"1163";"1130";"1139";"2217";"3"
"Harlingen";"2021";"7909";"1870";"6039";"905";"921";"1411";"2799";"3"
"Hattem";"2021";"5262";"849";"4413";"1284";"663";"892";"1574";"0"
"Heemskerk";"2021";"17607";"5871";"11736";"1086";"744";"2704";"7194";"8"
"Heemstede";"2021";"12817";"4505";"8312";"578";"1028";"2197";"4509";"0"
"Heerde";"2021";"8017";"1362";"6655";"2986";"1215";"962";"1492";"0"
"Heerenveen";"2021";"23767";"5679";"18088";"6962";"3627";"2664";"4832";"3"
"Heerhugowaard";"2021";"24439";"5534";"18905";"2533";"1584";"3637";"11146";"5"
"Heerlen";"2021";"45982";"16908";"29074";"2215";"3630";"7139";"16069";"21"
"Heeze-Leende";"2021";"6925";"690";"6235";"2328";"1206";"1024";"1677";"0"
"Heiloo";"2021";"10939";"2797";"8142";"2188";"1499";"1506";"2947";"2"
"Den Helder";"2021";"28390";"7694";"20696";"1524";"1318";"4301";"13553";"0"
"Hellendoorn";"2021";"14959";"2279";"12680";"4103";"2637";"2466";"3472";"2"
"Hellevoetsluis";"2021";"18067";"4844";"13223";"1622";"757";"3190";"7653";"1"
"Helmond";"2021";"41222";"10569";"30653";"3211";"2513";"6935";"17978";"16"
"Hendrik-Ido-Ambacht";"2021";"12332";"2865";"9467";"801";"667";"2172";"5818";"9"
"Hengelo (O.)";"2021";"38903";"11730";"27173";"4537";"5511";"5883";"11234";"8"
"'s-Hertogenbosch";"2021";"73424";"29081";"44343";"5766";"3850";"9400";"25311";"16"
"Heumen";"2021";"7274";"1247";"6027";"1719";"1143";"1134";"2030";"1"
"Heusden";"2021";"19357";"2926";"16431";"3766";"2253";"3407";"6996";"9"
"Hillegom";"2021";"9863";"2972";"6891";"651";"658";"1686";"3893";"3"
"Hilvarenbeek";"2021";"6865";"815";"6050";"2285";"1279";"1005";"1479";"2"
"Hilversum";"2021";"42979";"17733";"25246";"1662";"3221";"6312";"14036";"15"
"Hoeksche Waard";"2021";"38203";"6328";"31875";"6877";"3077";"7324";"14594";"3"
"Hof van Twente";"2021";"15279";"2186";"13093";"5005";"3127";"2067";"2887";"7"
"Het Hogeland";"2021";"22878";"2292";"20586";"9783";"4269";"2765";"3767";"2"
"Hollands Kroon";"2021";"20988";"2147";"18841";"6694";"3168";"2930";"6045";"4"
"Hoogeveen";"2021";"25496";"6565";"18931";"4629";"3657";"3545";"7097";"3"
"Hoorn";"2021";"33656";"9710";"23946";"2264";"1405";"5594";"14678";"5"
"Horst aan de Maas";"2021";"17937";"2080";"15857";"6079";"3125";"2577";"4075";"1"
"Houten";"2021";"20681";"4929";"15752";"1515";"986";"3585";"9650";"16"
"Huizen";"2021";"19018";"5412";"13606";"1060";"1707";"3322";"7510";"7"
"Hulst";"2021";"13618";"1455";"12163";"5507";"2363";"1652";"2641";"0"
"IJsselstein";"2021";"14444";"4424";"10020";"660";"855";"2241";"6258";"6"
"Kaag en Braassem";"2021";"11895";"2209";"9686";"2111";"1278";"2010";"4287";"0"
"Kampen";"2021";"22785";"5216";"17569";"2696";"2384";"3841";"8648";"0"
"Kapelle";"2021";"5459";"520";"4939";"1607";"1165";"838";"1327";"2"
"Katwijk";"2021";"27165";"11172";"15993";"1038";"1377";"3952";"9622";"4"
"Kerkrade";"2021";"23937";"8645";"15292";"1423";"2212";"3812";"7830";"15"
"Koggenland";"2021";"9608";"1534";"8074";"3074";"1199";"1373";"2428";"0"
"Krimpen aan den IJssel";"2021";"12648";"3812";"8836";"719";"786";"2275";"5056";"0"
"Krimpenerwaard";"2021";"23944";"4679";"19265";"4398";"1876";"4010";"8979";"2"
"Laarbeek";"2021";"9793";"1193";"8600";"2549";"2049";"1570";"2432";"0"
"Land van Cuijk";"2021";"";"";"";"";"";"";"";""
"Landerd";"2021";"6461";"835";"5626";"2341";"1175";"860";"1250";"0"
"Landgraaf";"2021";"18152";"4280";"13872";"2017";"2902";"3267";"5653";"33"
"Landsmeer";"2021";"4897";"721";"4176";"785";"316";"843";"2230";"2"
"Langedijk";"2021";"11773";"1850";"9923";"3322";"1164";"1790";"3647";"0"
"Lansingerland";"2021";"24686";"4410";"20276";"2554";"1617";"4528";"11557";"20"
"Laren (NH.)";"2021";"5441";"1064";"4377";"1123";"1495";"703";"1056";"0"
"Leeuwarden";"2021";"63066";"22678";"40388";"6773";"5747";"8362";"19474";"32"
"Leiden";"2021";"60538";"35150";"25388";"322";"509";"4737";"19792";"28"
"Leiderdorp";"2021";"12379";"5060";"7319";"321";"268";"1828";"4902";"0"
"Leidschendam-Voorburg";"2021";"36955";"22631";"14324";"977";"993";"3256";"9097";"1"
"Lelystad";"2021";"33734";"5977";"27757";"3467";"1396";"6032";"16860";"2"
"Leudal";"2021";"16157";"1956";"14201";"6043";"3063";"2017";"3078";"0"
"Leusden";"2021";"13229";"2561";"10668";"1459";"1335";"2070";"5803";"1"
"Lingewaard";"2021";"20056";"3520";"16536";"3952";"2305";"3591";"6688";"0"
"Lisse";"2021";"10411";"3294";"7117";"664";"604";"1643";"4206";"0"
"Lochem";"2021";"15165";"2459";"12706";"5374";"2345";"2128";"2859";"0"
"Loon op Zand";"2021";"10478";"1888";"8590";"1868";"1503";"1862";"3357";"0"
"Lopik";"2021";"5838";"873";"4965";"1501";"690";"956";"1818";"0"
"Losser";"2021";"9863";"1522";"8341";"2559";"2128";"1573";"2065";"16"
"Maasdriel";"2021";"10207";"885";"9322";"3581";"1749";"1638";"2350";"4"
"Maasgouw";"2021";"10965";"1387";"9578";"3330";"2415";"1526";"2307";"0"
"Maashorst";"2021";"";"";"";"";"";"";"";""
"Maassluis";"2021";"15389";"7539";"7850";"181";"211";"1708";"5747";"3"
"Maastricht";"2021";"62839";"30825";"32014";"1642";"3018";"7277";"20068";"9"
"Medemblik";"2021";"19211";"2637";"16574";"6061";"2505";"2941";"5067";"0"
"Meerssen";"2021";"8640";"1497";"7143";"2025";"1917";"1194";"2006";"1"
"Meierijstad";"2021";"34895";"6083";"28812";"7507";"4629";"5609";"11066";"1"
"Meppel";"2021";"16106";"4259";"11847";"2177";"2230";"2471";"4950";"19"
"Middelburg (Z.)";"2021";"23906";"7274";"16632";"2180";"2057";"3582";"8806";"7"
"Midden-Delfland";"2021";"7996";"1832";"6164";"1070";"449";"1420";"3192";"33"
"Midden-Drenthe";"2021";"14413";"1658";"12755";"5826";"3420";"1531";"1977";"1"
"Midden-Groningen";"2021";"28154";"5873";"22281";"9071";"4993";"2998";"5218";"1"
"Mill en Sint Hubert";"2021";"4658";"496";"4162";"1760";"1083";"521";"798";"0"
"Moerdijk";"2021";"16629";"2236";"14393";"3576";"1919";"3093";"5757";"48"
"Molenlanden";"2021";"17340";"1969";"15371";"4258";"2175";"3041";"5887";"10"
"Montferland";"2021";"16016";"2925";"13091";"4289";"2559";"2665";"3577";"1"
"Montfoort";"2021";"5756";"887";"4869";"895";"386";"1090";"2498";"0"
"Mook en Middelaar";"2021";"3667";"525";"3142";"1146";"609";"450";"934";"3"
"Neder-Betuwe";"2021";"8912";"760";"8152";"2433";"1387";"1675";"2656";"1"
"Nederweert";"2021";"7534";"906";"6628";"2762";"1338";"1016";"1512";"0"
"Nieuwegein";"2021";"29445";"11637";"17808";"614";"687";"4373";"12133";"1"
"Nieuwkoop";"2021";"11660";"1523";"10137";"2623";"987";"2023";"4502";"2"
"Nijkerk";"2021";"17349";"2983";"14366";"2788";"1741";"3433";"6402";"2"
"Nijmegen";"2021";"82317";"37422";"44895";"2216";"3134";"11093";"28447";"5"
"Nissewaard";"2021";"39469";"12613";"26856";"1823";"1186";"6336";"17507";"4"
"Noardeast-Fryslân";"2021";"20690";"2267";"18423";"8233";"4182";"2646";"3322";"40"
"Noord-Beveland";"2021";"4553";"427";"4126";"1656";"630";"666";"1173";"1"
"Noordenveld";"2021";"14855";"2023";"12832";"5265";"2858";"1955";"2754";"0"
"Noordoostpolder";"2021";"20336";"2809";"17527";"3807";"2581";"3813";"7319";"7"
"Noordwijk";"2021";"20120";"6842";"13278";"2024";"1212";"2969";"7072";"1"
"Nuenen, Gerwen en Nederwetten";"2021";"10450";"1404";"9046";"2137";"1089";"1849";"3966";"5"
"Nunspeet";"2021";"11199";"1966";"9233";"2801";"1817";"1788";"2826";"1"
"Oegstgeest";"2021";"11014";"3804";"7210";"658";"592";"1859";"4100";"1"
"Oirschot";"2021";"8036";"1222";"6814";"2834";"1078";"1147";"1753";"2"
"Oisterwijk";"2021";"14130";"2667";"11463";"3214";"2366";"2153";"3727";"3"
"Oldambt";"2021";"18648";"3400";"15248";"6673";"3447";"2000";"3128";"0"
"Oldebroek";"2021";"9475";"1417";"8058";"2753";"1519";"1328";"2458";"0"
"Oldenzaal";"2021";"14662";"3343";"11319";"2014";"1548";"2743";"5011";"3"
"Olst-Wijhe";"2021";"7828";"1155";"6673";"2444";"1494";"1166";"1567";"2"
"Ommen";"2021";"7601";"1372";"6229";"2798";"1198";"906";"1325";"2"
"Oost Gelre";"2021";"12949";"2037";"10912";"3338";"2323";"1988";"3263";"0"
"Oosterhout";"2021";"25194";"6463";"18731";"2540";"2103";"4235";"9846";"7"
"Ooststellingwerf";"2021";"11419";"1127";"10292";"4973";"1951";"1410";"1958";"0"
"Oostzaan";"2021";"4100";"684";"3416";"647";"429";"658";"1682";"0"
"Opmeer";"2021";"4974";"742";"4232";"1497";"562";"818";"1350";"5"
"Opsterland";"2021";"13202";"1805";"11397";"6233";"2382";"1153";"1628";"1"
"Oss";"2021";"40746";"9072";"31674";"7774";"4726";"6204";"12943";"27"
"Oude IJsselstreek";"2021";"17454";"2624";"14830";"4635";"3427";"2760";"4007";"1"
"Ouder-Amstel";"2021";"6301";"2537";"3764";"350";"369";"862";"2182";"1"
"Oudewater";"2021";"4323";"787";"3536";"759";"339";"736";"1701";"1"
"Overbetuwe";"2021";"20128";"2666";"17462";"3966";"3089";"3719";"6671";"17"
"Papendrecht";"2021";"14479";"4908";"9571";"491";"537";"2251";"6292";"0"
"Peel en Maas";"2021";"18527";"2560";"15967";"6064";"3675";"2359";"3868";"1"
"Pekela";"2021";"5782";"681";"5101";"2115";"1020";"846";"1120";"0"
"Pijnacker-Nootdorp";"2021";"21798";"5278";"16520";"1939";"1336";"3624";"9620";"1"
"Purmerend";"2021";"37124";"12694";"24430";"1161";"840";"5217";"17188";"24"
"Putten";"2021";"9904";"1434";"8470";"3108";"1548";"1403";"2399";"12"
"Raalte";"2021";"16049";"2180";"13869";"4376";"2832";"2620";"4041";"0"
"Reimerswaal";"2021";"9332";"1317";"8015";"2439";"1970";"1514";"2081";"11"
"Renkum";"2021";"15003";"4427";"10576";"2496";"3172";"1983";"2924";"1"
"Renswoude";"2021";"2154";"281";"1873";"477";"257";"385";"754";"0"
"Reusel-De Mierden";"2021";"5523";"628";"4895";"2165";"1328";"580";"817";"5"
"Rheden";"2021";"21281";"5548";"15733";"2076";"4167";"3627";"5856";"7"
"Rhenen";"2021";"8287";"1723";"6564";"1745";"1273";"1178";"2368";"0"
"Ridderkerk";"2021";"21308";"9400";"11908";"1068";"1274";"2815";"6750";"1"
"Rijssen-Holten";"2021";"14867";"3122";"11745";"3622";"2641";"2112";"3369";"1"
"Rijswijk (ZH.)";"2021";"27219";"19225";"7994";"321";"325";"1751";"5594";"3"
"Roerdalen";"2021";"9554";"896";"8658";"3213";"2661";"1183";"1597";"4"
"Roermond";"2021";"27749";"8899";"18850";"3382";"2790";"3915";"8758";"5"
"De Ronde Venen";"2021";"18580";"3754";"14826";"2764";"1882";"2974";"7204";"2"
"Roosendaal";"2021";"35618";"8753";"26865";"5446";"3034";"5530";"12854";"1"
"Rotterdam";"2021";"317945";"236740";"81205";"4317";"3784";"17593";"55446";"65"
"Rozendaal";"2021";"694";"12";"682";"229";"235";"96";"122";"0"
"Rucphen";"2021";"9916";"825";"9091";"4051";"2405";"1155";"1465";"15"
"Schagen";"2021";"20581";"3373";"17208";"5275";"2101";"3167";"6664";"1"
"Scherpenzeel";"2021";"4114";"646";"3468";"632";"669";"885";"1280";"2"
"Schiedam";"2021";"37472";"25529";"11943";"372";"499";"2342";"8726";"4"
"Schiermonnikoog";"2021";"588";"120";"468";"166";"225";"24";"53";"0"
"Schouwen-Duiveland";"2021";"16983";"1786";"15197";"5972";"1781";"2674";"4735";"35"
"Simpelveld";"2021";"5185";"1253";"3932";"861";"993";"734";"1338";"6"
"Sint Anthonis";"2021";"4882";"520";"4362";"2506";"1141";"322";"393";"0"
"Sint-Michielsgestel";"2021";"12274";"1556";"10718";"3404";"2449";"1865";"2993";"7"
"Sittard-Geleen";"2021";"46709";"14861";"31848";"5046";"6740";"7329";"12728";"5"
"Sliedrecht";"2021";"11086";"4278";"6808";"622";"1047";"1455";"3684";"0"
"Sluis";"2021";"14152";"1989";"12163";"4486";"1560";"2118";"3988";"11"
"Smallingerland";"2021";"25833";"5492";"20341";"5531";"3453";"3594";"7763";"0"
"Soest";"2021";"20953";"7373";"13580";"2496";"2930";"2468";"5685";"1"
"Someren";"2021";"8181";"1109";"7072";"2581";"1272";"1146";"2068";"5"
"Son en Breugel";"2021";"7318";"907";"6411";"1265";"874";"1344";"2921";"7"
"Stadskanaal";"2021";"15208";"3302";"11906";"5189";"1925";"1561";"3231";"0"
"Staphorst";"2021";"5988";"948";"5040";"2412";"1240";"573";"814";"1"
"Stede Broec";"2021";"9253";"985";"8268";"1871";"825";"1903";"3649";"20"
"Steenbergen";"2021";"10484";"1433";"9051";"2627";"1453";"1841";"3125";"5"
"Steenwijkerland";"2021";"20276";"3021";"17255";"6256";"3274";"3033";"4691";"1"
"Stein (L.)";"2021";"11812";"2106";"9706";"2488";"2830";"1758";"2630";"0"
"Stichtse Vecht";"2021";"28739";"7307";"21432";"3283";"1673";"4659";"11817";"0"
"Súdwest-Fryslân";"2021";"42501";"7876";"34625";"11366";"6802";"5940";"10461";"56"
"Terneuzen";"2021";"27080";"5060";"22020";"5863";"3167";"4255";"8719";"16"
"Terschelling";"2021";"2293";"494";"1799";"802";"378";"268";"350";"1"
"Texel";"2021";"6770";"1348";"5422";"1774";"1133";"944";"1570";"1"
"Teylingen";"2021";"16286";"4176";"12110";"1243";"1109";"2898";"6858";"2"
"Tholen";"2021";"11112";"1224";"9888";"2246";"1345";"2296";"3998";"3"
"Tiel";"2021";"18271";"4841";"13430";"1623";"1509";"3199";"7098";"1"
"Tilburg";"2021";"102471";"37238";"65233";"4467";"4743";"13127";"42796";"100"
"Tubbergen";"2021";"8720";"2136";"6584";"3478";"1674";"653";"779";"0"
"Twenterand";"2021";"13847";"2019";"11828";"4422";"2809";"1887";"2709";"1"
"Tynaarlo";"2021";"14596";"1704";"12892";"5188";"3335";"1859";"2505";"5"
"Tytsjerksteradiel";"2021";"14093";"1620";"12473";"5565";"2204";"1835";"2764";"105"
"Uden";"2021";"19107";"4865";"14242";"2852";"1711";"2858";"6807";"14"
"Uitgeest";"2021";"5728";"1188";"4540";"607";"500";"1053";"2380";"0"
"Uithoorn";"2021";"13264";"3666";"9598";"965";"483";"1928";"6212";"10"
"Urk";"2021";"6763";"1001";"5762";"548";"996";"1519";"2698";"1"
"Utrecht (gemeente)";"2021";"159671";"91266";"68405";"2569";"2680";"11767";"51370";"19"
"Utrechtse Heuvelrug";"2021";"21890";"5400";"16490";"3927";"5010";"2764";"4787";"2"
"Vaals";"2021";"5822";"2768";"3054";"710";"614";"632";"1097";"1"
"Valkenburg aan de Geul";"2021";"8337";"2976";"5361";"1543";"1503";"880";"1429";"6"
"Valkenswaard";"2021";"14885";"3632";"11253";"1806";"1878";"2584";"4984";"1"
"Veendam";"2021";"12906";"2748";"10158";"3478";"1914";"1753";"3013";"0"
"Veenendaal";"2021";"28607";"11306";"17301";"1599";"2733";"3806";"9163";"0"
"Veere";"2021";"10997";"1410";"9587";"3973";"1758";"1576";"2269";"11"
"Veldhoven";"2021";"20085";"4180";"15905";"3030";"2255";"3172";"7447";"1"
"Velsen";"2021";"31439";"12311";"19128";"665";"2060";"4367";"12030";"6"
"Venlo";"2021";"47809";"14972";"32837";"5032";"4005";"7410";"16390";"0"
"Venray";"2021";"19300";"3558";"15742";"4615";"2452";"2770";"5905";"0"
"Vijfheerenlanden";"2021";"24196";"5052";"19144";"3613";"2122";"4487";"8914";"8"
"Vlaardingen";"2021";"35551";"22055";"13496";"288";"752";"3212";"9242";"2"
"Vlieland";"2021";"603";"159";"444";"73";"111";"108";"152";"0"
"Vlissingen";"2021";"22885";"8487";"14398";"1512";"1320";"3115";"8433";"18"
"Voerendaal";"2021";"5813";"713";"5100";"1320";"1365";"984";"1420";"11"
"Voorne aan Zee";"2021";"";"";"";"";"";"";"";""
"Voorschoten";"2021";"11504";"4151";"7353";"408";"379";"2029";"4532";"5"
"Voorst";"2021";"10744";"1798";"8946";"3673";"1779";"1412";"2068";"14"
"Vught";"2021";"13735";"3094";"10641";"2351";"1783";"2315";"4189";"3"
"Waadhoeke";"2021";"21376";"2196";"19180";"7251";"5989";"2566";"3353";"21"
"Waalre";"2021";"7832";"1327";"6505";"1387";"1093";"1389";"2633";"3"
"Waalwijk";"2021";"21996";"5270";"16726";"3560";"2434";"3528";"7198";"6"
"Waddinxveen";"2021";"12796";"4105";"8691";"914";"652";"2005";"5120";"0"
"Wageningen";"2021";"18086";"9519";"8567";"1275";"1450";"1936";"3905";"1"
"Wassenaar";"2021";"12287";"3500";"8787";"1513";"1455";"1696";"4117";"6"
"Waterland";"2021";"7411";"1135";"6276";"1189";"791";"1420";"2876";"0"
"Weert";"2021";"23236";"6178";"17058";"4568";"2864";"3437";"6189";"0"
"Weesp";"2021";"9386";"4402";"4984";"276";"351";"1096";"3195";"66"
"West Betuwe";"2021";"20996";"2105";"18891";"6839";"3162";"3406";"5482";"2"
"West Maas en Waal";"2021";"8375";"1191";"7184";"3234";"1541";"1073";"1335";"1"
"Westerkwartier";"2021";"27494";"2776";"24718";"11788";"4892";"3433";"4603";"2"
"Westerveld";"2021";"8553";"809";"7744";"4276";"1859";"755";"850";"4"
"Westervoort";"2021";"6744";"897";"5847";"602";"632";"1463";"3150";"0"
"Westerwolde";"2021";"11937";"1764";"10173";"6422";"1855";"820";"1076";"0"
"Westland";"2021";"45956";"11280";"34676";"5484";"2214";"7676";"19297";"5"
"Weststellingwerf";"2021";"11757";"1348";"10409";"5022";"1875";"1363";"2149";"0"
"Westvoorne";"2021";"6943";"1230";"5713";"2512";"521";"870";"1809";"1"
"Wierden";"2021";"9930";"1459";"8471";"3137";"2204";"1388";"1742";"0"
"Wijchen";"2021";"18190";"3324";"14866";"3005";"2218";"3158";"6478";"7"
"Wijdemeren";"2021";"10800";"1830";"8970";"1974";"1220";"2069";"3701";"6"
"Wijk bij Duurstede";"2021";"10273";"1859";"8414";"979";"930";"1804";"4701";"0"
"Winterswijk";"2021";"13245";"3046";"10199";"2840";"2073";"2098";"3181";"7"
"Woensdrecht";"2021";"9928";"1125";"8803";"3249";"1397";"1477";"2671";"9"
"Woerden";"2021";"22437";"6386";"16051";"2229";"1475";"3632";"8707";"8"
"De Wolden";"2021";"10460";"1466";"8994";"5058";"1878";"1034";"1024";"0"
"Wormerland";"2021";"6919";"1680";"5239";"1099";"694";"1074";"2372";"0"
"Woudenberg";"2021";"5286";"867";"4419";"838";"765";"977";"1820";"19"
"Zaanstad";"2021";"69114";"25493";"43621";"3705";"4642";"10366";"24877";"31"
"Zaltbommel";"2021";"11852";"1539";"10313";"3214";"1474";"1839";"3785";"1"
"Zandvoort";"2021";"9706";"5076";"4630";"654";"557";"1127";"2283";"9"
"Zeewolde";"2021";"8837";"1317";"7520";"1042";"690";"1589";"4199";"0"
"Zeist";"2021";"29638";"13404";"16234";"2116";"4246";"3312";"6552";"8"
"Zevenaar";"2021";"20227";"3633";"16594";"3266";"2502";"4062";"6762";"2"
"Zoetermeer";"2021";"56421";"24198";"32223";"1287";"1188";"6818";"22926";"4"
"Zoeterwoude";"2021";"3740";"932";"2808";"375";"261";"652";"1520";"0"
"Zuidplas";"2021";"18566";"3983";"14583";"2147";"1249";"3415";"7771";"1"
"Zundert";"2021";"9649";"1229";"8420";"3881";"1742";"1116";"1679";"2"
"Zutphen";"2021";"22651";"7417";"15234";"1477";"1802";"3587";"8361";"7"
"Zwartewaterland";"2021";"9013";"1096";"7917";"1504";"1428";"1766";"3180";"39"
"Zwijndrecht";"2021";"20720";"8241";"12479";"660";"744";"3345";"7718";"12"
"Zwolle";"2021";"59491";"21410";"38081";"3160";"2720";"8383";"23804";"14"
"Buitenland";"2021";"";"";"";"";"";"";"";""
"Bron: CBS"
