"Zonnestroom; vermogen en vermogensklasse, bedrijven en woningen, regio"
"Sector en vermogensklasse: Alle economische activiteit en woningen"
"";"";"Onderwerp"
"";"";"Installaties";"Opgesteld vermogen van zonnepanelen";"Opgesteld vermogen omvormers";"Productie van zonnestroom"
"Perioden";"Regio's";"aantal";"kWp";"kW";"mln kWh"
"2019";"Nederland";"1062265";"7225864";"";"5399"
"2019";"Aa en Hunze";"2922";"20968";"";"."
"2019";"Aalsmeer";"1800";"11686";"";"."
"2019";"Aalten";"2259";"16346";"";"."
"2019";"Achtkarspelen";"1953";"25697";"";"."
"2019";"Alblasserdam";"670";"3422";"";"."
"2019";"Albrandswaard";"1091";"8965";"";"."
"2019";"Alkmaar";"6751";"33951";"";"."
"2019";"Almelo";"3375";"60836";"";"."
"2019";"Almere";"12116";"86134";"";"."
"2019";"Alphen aan den Rijn";"7049";"36611";"";"."
"2019";"Alphen-Chaam";"606";"5644";"";"."
"2019";"Altena";"3422";"22744";"";"."
"2019";"Ameland";"301";"7661";"";"."
"2019";"Amersfoort";"11232";"39176";"";"."
"2019";"Amstelveen";"3409";"15892";"";"."
"2019";"Amsterdam";"14872";"89583";"";"."
"2019";"Apeldoorn";"11813";"55472";"";"."
"2019";"Appingedam";"1330";"4873";"";"."
"2019";"Arnhem";"6831";"33541";"";"."
"2019";"Assen";"6834";"35306";"";"."
"2019";"Asten";"1133";"18702";"";"."
"2019";"Baarle-Nassau";"367";"5875";"";"."
"2019";"Baarn";"1603";"6493";"";"."
"2019";"Barendrecht";"2025";"13011";"";"."
"2019";"Barneveld";"3976";"42271";"";"."
"2019";"Beek (L.)";"1870";"8303";"";"."
"2019";"Beekdaelen";"3746";"19031";"";"."
"2019";"Beemster";"778";"4245";"";"."
"2019";"Beesel";"1226";"6444";"";"."
"2019";"Berg en Dal";"2466";"12203";"";"."
"2019";"Bergeijk";"1447";"15222";"";"."
"2019";"Bergen (L.)";"943";"7142";"";"."
"2019";"Bergen (NH.)";"3231";"13362";"";"."
"2019";"Bergen op Zoom";"5001";"17019";"";"."
"2019";"Berkelland";"3676";"23547";"";"."
"2019";"Bernheze";"2189";"19388";"";"."
"2019";"Best";"2639";"21491";"";"."
"2019";"Beuningen";"1752";"9342";"";"."
"2019";"Beverwijk";"2221";"8639";"";"."
"2019";"De Bilt";"1774";"8234";"";"."
"2019";"Bladel";"1427";"14162";"";"."
"2019";"Blaricum";"473";"1928";"";"."
"2019";"Bloemendaal";"873";"3367";"";"."
"2019";"Bodegraven-Reeuwijk";"2447";"15390";"";"."
"2019";"Boekel";"853";"13601";"";"."
"2019";"Borger-Odoorn";"2936";"19834";"";"."
"2019";"Borne";"1739";"8584";"";"."
"2019";"Borsele";"3060";"82631";"";"."
"2019";"Boxmeer";"2345";"21539";"";"."
"2019";"Boxtel";"2401";"12893";"";"."
"2019";"Breda";"6439";"42212";"";"."
"2019";"Brielle";"997";"4866";"";"."
"2019";"Bronckhorst";"3177";"23039";"";"."
"2019";"Brummen";"1500";"7476";"";"."
"2019";"Brunssum";"2069";"8385";"";"."
"2019";"Bunnik";"1301";"6950";"";"."
"2019";"Bunschoten";"1174";"9175";"";"."
"2019";"Buren";"1904";"15542";"";"."
"2019";"Capelle aan den IJssel";"2027";"7839";"";"."
"2019";"Castricum";"3750";"12528";"";"."
"2019";"Coevorden";"4373";"26022";"";"."
"2019";"Cranendonck";"1716";"58408";"";"."
"2019";"Cuijk";"1973";"11857";"";"."
"2019";"Culemborg";"2390";"10030";"";"."
"2019";"Dalfsen";"3654";"25870";"";"."
"2019";"Dantumadiel";"1485";"6374";"";"."
"2019";"Delft";"3745";"14459";"";"."
"2019";"Delfzijl";"2828";"54627";"";"."
"2019";"Deurne";"2013";"28937";"";"."
"2019";"Deventer";"5835";"29871";"";"."
"2019";"Diemen";"1177";"4979";"";"."
"2019";"Dijk en Waard";"";"";"";""
"2019";"Dinkelland";"2197";"18969";"";"."
"2019";"Doesburg";"650";"2808";"";"."
"2019";"Doetinchem";"4702";"21771";"";"."
"2019";"Dongen";"1623";"7594";"";"."
"2019";"Dordrecht";"3500";"27446";"";"."
"2019";"Drechterland";"1999";"12597";"";"."
"2019";"Drimmelen";"1510";"8436";"";"."
"2019";"Dronten";"4400";"44662";"";"."
"2019";"Druten";"1250";"6587";"";"."
"2019";"Duiven";"1638";"14298";"";"."
"2019";"Echt-Susteren";"2967";"19659";"";"."
"2019";"Edam-Volendam";"1750";"8459";"";"."
"2019";"Ede";"7427";"48502";"";"."
"2019";"Eemnes";"1097";"9783";"";"."
"2019";"Eemsdelta";"";"";"";""
"2019";"Eersel";"1554";"14584";"";"."
"2019";"Eijsden-Margraten";"2807";"16240";"";"."
"2019";"Eindhoven";"13035";"61297";"";"."
"2019";"Elburg";"1933";"10586";"";"."
"2019";"Emmen";"8995";"107399";"";"."
"2019";"Enkhuizen";"1038";"4694";"";"."
"2019";"Enschede";"7067";"51402";"";"."
"2019";"Epe";"2039";"11912";"";"."
"2019";"Ermelo";"2450";"17381";"";"."
"2019";"Etten-Leur";"2158";"13384";"";"."
"2019";"De Fryske Marren";"4739";"29114";"";"."
"2019";"Geertruidenberg";"1122";"8969";"";"."
"2019";"Geldrop-Mierlo";"3113";"13354";"";"."
"2019";"Gemert-Bakel";"2650";"21009";"";"."
"2019";"Gennep";"1292";"11822";"";"."
"2019";"Gilze en Rijen";"1692";"11851";"";"."
"2019";"Goeree-Overflakkee";"4908";"78771";"";"."
"2019";"Goes";"4234";"20385";"";"."
"2019";"Goirle";"1472";"10739";"";"."
"2019";"Gooise Meren";"1819";"7965";"";"."
"2019";"Gorinchem";"1453";"9528";"";"."
"2019";"Gouda";"3407";"12807";"";"."
"2019";"Grave";"816";"4766";"";"."
"2019";"'s-Gravenhage (gemeente)";"10755";"44297";"";"."
"2019";"Groningen (gemeente)";"14467";"81226";"";"."
"2019";"Gulpen-Wittem";"1234";"6374";"";"."
"2019";"Haaksbergen";"1709";"9568";"";"."
"2019";"Haaren";"1184";"8558";"";"."
"2019";"Haarlem";"5190";"20781";"";"."
"2019";"Haarlemmermeer";"10334";"89344";"";"."
"2019";"Halderberge";"2105";"13481";"";"."
"2019";"Hardenberg";"4624";"41857";"";"."
"2019";"Harderwijk";"2967";"16460";"";"."
"2019";"Hardinxveld-Giessendam";"1514";"6936";"";"."
"2019";"Harlingen";"2569";"13042";"";"."
"2019";"Hattem";"789";"3364";"";"."
"2019";"Heemskerk";"2668";"10490";"";"."
"2019";"Heemstede";"1134";"5017";"";"."
"2019";"Heerde";"1269";"5783";"";"."
"2019";"Heerenveen";"4425";"31721";"";"."
"2019";"Heerhugowaard";"5789";"33250";"";"."
"2019";"Heerlen";"5246";"28497";"";"."
"2019";"Heeze-Leende";"1317";"9016";"";"."
"2019";"Heiloo";"2255";"8353";"";"."
"2019";"Den Helder";"3534";"15871";"";"."
"2019";"Hellendoorn";"2446";"16295";"";"."
"2019";"Hellevoetsluis";"1801";"7171";"";"."
"2019";"Helmond";"5081";"25929";"";"."
"2019";"Hendrik-Ido-Ambacht";"1492";"4941";"";"."
"2019";"Hengelo (O.)";"3747";"23611";"";"."
"2019";"'s-Hertogenbosch";"6885";"48283";"";"."
"2019";"Heumen";"1545";"7429";"";"."
"2019";"Heusden";"2917";"18429";"";"."
"2019";"Hillegom";"1500";"8856";"";"."
"2019";"Hilvarenbeek";"1111";"10573";"";"."
"2019";"Hilversum";"3410";"12945";"";"."
"2019";"Hoeksche Waard";"5747";"31688";"";"."
"2019";"Hof van Twente";"2992";"23296";"";"."
"2019";"Het Hogeland";"6590";"42472";"";"."
"2019";"Hollands Kroon";"4331";"65142";"";"."
"2019";"Hoogeveen";"6011";"25696";"";"."
"2019";"Hoorn";"4781";"18456";"";"."
"2019";"Horst aan de Maas";"4391";"38303";"";"."
"2019";"Houten";"3594";"17896";"";"."
"2019";"Huizen";"3291";"10445";"";"."
"2019";"Hulst";"3592";"13458";"";"."
"2019";"IJsselstein";"1622";"8025";"";"."
"2019";"Kaag en Braassem";"2370";"11619";"";"."
"2019";"Kampen";"4139";"31781";"";"."
"2019";"Kapelle";"1576";"9906";"";"."
"2019";"Katwijk";"2880";"15611";"";"."
"2019";"Kerkrade";"4628";"16424";"";"."
"2019";"Koggenland";"1967";"12201";"";"."
"2019";"Krimpen aan den IJssel";"1025";"4311";"";"."
"2019";"Krimpenerwaard";"2678";"14655";"";"."
"2019";"Laarbeek";"1718";"11164";"";"."
"2019";"Land van Cuijk";"";"";"";""
"2019";"Landerd";"1382";"9416";"";"."
"2019";"Landgraaf";"3863";"18050";"";"."
"2019";"Landsmeer";"785";"3710";"";"."
"2019";"Langedijk";"2924";"16367";"";"."
"2019";"Lansingerland";"4754";"32157";"";"."
"2019";"Laren (NH.)";"218";"1141";"";"."
"2019";"Leeuwarden";"10400";"61126";"";"."
"2019";"Leiden";"3689";"13314";"";"."
"2019";"Leiderdorp";"1157";"5002";"";"."
"2019";"Leidschendam-Voorburg";"2285";"8293";"";"."
"2019";"Lelystad";"6710";"65912";"";"."
"2019";"Leudal";"3448";"29104";"";"."
"2019";"Leusden";"2430";"17057";"";"."
"2019";"Lingewaard";"3465";"32845";"";"."
"2019";"Lisse";"1959";"6121";"";"."
"2019";"Lochem";"3032";"16127";"";"."
"2019";"Loon op Zand";"1246";"6635";"";"."
"2019";"Lopik";"937";"7156";"";"."
"2019";"Loppersum";"1709";"9220";"";"."
"2019";"Losser";"1822";"10552";"";"."
"2019";"Maasdriel";"2454";"15707";"";"."
"2019";"Maasgouw";"2554";"11883";"";"."
"2019";"Maashorst";"";"";"";""
"2019";"Maassluis";"1029";"3935";"";"."
"2019";"Maastricht";"5406";"27791";"";"."
"2019";"Medemblik";"4465";"44925";"";"."
"2019";"Meerssen";"1722";"8569";"";"."
"2019";"Meierijstad";"6978";"66716";"";"."
"2019";"Meppel";"2749";"13189";"";"."
"2019";"Middelburg (Z.)";"4228";"29719";"";"."
"2019";"Midden-Delfland";"1755";"7773";"";"."
"2019";"Midden-Drenthe";"4712";"25953";"";"."
"2019";"Midden-Groningen";"7094";"138323";"";"."
"2019";"Mill en Sint Hubert";"873";"6796";"";"."
"2019";"Moerdijk";"2564";"52290";"";"."
"2019";"Molenlanden";"2543";"19219";"";"."
"2019";"Montferland";"3508";"23308";"";"."
"2019";"Montfoort";"954";"9301";"";"."
"2019";"Mook en Middelaar";"700";"3317";"";"."
"2019";"Neder-Betuwe";"1364";"14479";"";"."
"2019";"Nederweert";"1964";"24378";"";"."
"2019";"Nieuwegein";"2632";"23815";"";"."
"2019";"Nieuwkoop";"1844";"10263";"";"."
"2019";"Nijkerk";"3548";"25154";"";"."
"2019";"Nijmegen";"9848";"39572";"";"."
"2019";"Nissewaard";"4134";"14144";"";"."
"2019";"Noardeast-Fryslân";"3400";"24572";"";"."
"2019";"Noord-Beveland";"1051";"7739";"";"."
"2019";"Noordenveld";"3406";"15789";"";"."
"2019";"Noordoostpolder";"3656";"92190";"";"."
"2019";"Noordwijk";"2394";"15043";"";"."
"2019";"Nuenen, Gerwen en Nederwetten";"1817";"8706";"";"."
"2019";"Nunspeet";"1530";"7874";"";"."
"2019";"Oegstgeest";"1493";"4918";"";"."
"2019";"Oirschot";"1198";"12704";"";"."
"2019";"Oisterwijk";"1438";"10152";"";"."
"2019";"Oldambt";"2300";"22207";"";"."
"2019";"Oldebroek";"1738";"11665";"";"."
"2019";"Oldenzaal";"2083";"14177";"";"."
"2019";"Olst-Wijhe";"2148";"11019";"";"."
"2019";"Ommen";"1603";"13514";"";"."
"2019";"Oost Gelre";"2439";"19733";"";"."
"2019";"Oosterhout";"3316";"20607";"";"."
"2019";"Ooststellingwerf";"3575";"48515";"";"."
"2019";"Oostzaan";"548";"3835";"";"."
"2019";"Opmeer";"1135";"6685";"";"."
"2019";"Opsterland";"2637";"18160";"";"."
"2019";"Oss";"5932";"43587";"";"."
"2019";"Oude IJsselstreek";"3607";"23685";"";"."
"2019";"Ouder-Amstel";"694";"4305";"";"."
"2019";"Oudewater";"675";"4611";"";"."
"2019";"Overbetuwe";"3386";"19943";"";"."
"2019";"Papendrecht";"1262";"5819";"";"."
"2019";"Peel en Maas";"4965";"39195";"";"."
"2019";"Pekela";"648";"6944";"";"."
"2019";"Pijnacker-Nootdorp";"3631";"21837";"";"."
"2019";"Purmerend";"3050";"18774";"";"."
"2019";"Putten";"1404";"9595";"";"."
"2019";"Raalte";"4644";"30870";"";"."
"2019";"Reimerswaal";"2204";"38644";"";"."
"2019";"Renkum";"2064";"8566";"";"."
"2019";"Renswoude";"358";"3860";"";"."
"2019";"Reusel-De Mierden";"908";"14882";"";"."
"2019";"Rheden";"2210";"11985";"";"."
"2019";"Rhenen";"1392";"8756";"";"."
"2019";"Ridderkerk";"2314";"11483";"";"."
"2019";"Rijssen-Holten";"2510";"17494";"";"."
"2019";"Rijswijk (ZH.)";"2625";"8555";"";"."
"2019";"Roerdalen";"2194";"11613";"";"."
"2019";"Roermond";"4151";"19648";"";"."
"2019";"De Ronde Venen";"3731";"15315";"";"."
"2019";"Roosendaal";"4196";"25394";"";"."
"2019";"Rotterdam";"9840";"50922";"";"."
"2019";"Rozendaal";"110";"747";"";"."
"2019";"Rucphen";"1245";"7356";"";"."
"2019";"Schagen";"3796";"38012";"";"."
"2019";"Scherpenzeel";"477";"3619";"";"."
"2019";"Schiedam";"1507";"6884";"";"."
"2019";"Schiermonnikoog";"142";"1641";"";"."
"2019";"Schouwen-Duiveland";"3786";"35124";"";"."
"2019";"Simpelveld";"977";"4105";"";"."
"2019";"Sint Anthonis";"972";"11450";"";"."
"2019";"Sint-Michielsgestel";"2368";"13001";"";"."
"2019";"Sittard-Geleen";"6829";"33666";"";"."
"2019";"Sliedrecht";"1056";"7977";"";"."
"2019";"Sluis";"2371";"11505";"";"."
"2019";"Smallingerland";"4316";"25112";"";"."
"2019";"Soest";"2650";"14463";"";"."
"2019";"Someren";"1894";"23036";"";"."
"2019";"Son en Breugel";"1482";"19556";"";"."
"2019";"Stadskanaal";"2125";"32353";"";"."
"2019";"Staphorst";"1203";"12102";"";"."
"2019";"Stede Broec";"2090";"9135";"";"."
"2019";"Steenbergen";"1987";"12975";"";"."
"2019";"Steenwijkerland";"3395";"18764";"";"."
"2019";"Stein (L.)";"3169";"13610";"";"."
"2019";"Stichtse Vecht";"3389";"13434";"";"."
"2019";"Súdwest-Fryslân";"7764";"49342";"";"."
"2019";"Terneuzen";"4785";"28331";"";"."
"2019";"Terschelling";"394";"3033";"";"."
"2019";"Texel";"1459";"10156";"";"."
"2019";"Teylingen";"2629";"15135";"";"."
"2019";"Tholen";"2598";"13950";"";"."
"2019";"Tiel";"2028";"14422";"";"."
"2019";"Tilburg";"9648";"76774";"";"."
"2019";"Tubbergen";"1370";"12162";"";"."
"2019";"Twenterand";"2378";"26661";"";"."
"2019";"Tynaarlo";"3831";"48947";"";"."
"2019";"Tytsjerksteradiel";"3305";"27567";"";"."
"2019";"Uden";"4170";"37706";"";"."
"2019";"Uitgeest";"1360";"4389";"";"."
"2019";"Uithoorn";"1563";"10723";"";"."
"2019";"Urk";"956";"7978";"";"."
"2019";"Utrecht (gemeente)";"15177";"74434";"";"."
"2019";"Utrechtse Heuvelrug";"3386";"13869";"";"."
"2019";"Vaals";"805";"2950";"";"."
"2019";"Valkenburg aan de Geul";"1232";"6141";"";"."
"2019";"Valkenswaard";"2471";"10630";"";"."
"2019";"Veendam";"1421";"32531";"";"."
"2019";"Veenendaal";"4149";"18862";"";"."
"2019";"Veere";"3195";"15208";"";"."
"2019";"Veldhoven";"3170";"18516";"";"."
"2019";"Velsen";"2542";"15511";"";"."
"2019";"Venlo";"7935";"55615";"";"."
"2019";"Venray";"4912";"38070";"";"."
"2019";"Vijfheerenlanden";"4194";"25402";"";"."
"2019";"Vlaardingen";"2142";"7625";"";"."
"2019";"Vlieland";"130";"1755";"";"."
"2019";"Vlissingen";"5127";"17937";"";"."
"2019";"Voerendaal";"1291";"5851";"";"."
"2019";"Voorne aan Zee";"";"";"";""
"2019";"Voorschoten";"1027";"3851";"";"."
"2019";"Voorst";"1854";"10554";"";"."
"2019";"Vught";"1184";"5646";"";"."
"2019";"Waadhoeke";"3639";"39969";"";"."
"2019";"Waalre";"1362";"6282";"";"."
"2019";"Waalwijk";"2173";"21872";"";"."
"2019";"Waddinxveen";"1774";"12268";"";"."
"2019";"Wageningen";"2884";"12508";"";"."
"2019";"Wassenaar";"878";"3335";"";"."
"2019";"Waterland";"976";"4169";"";"."
"2019";"Weert";"4275";"32706";"";"."
"2019";"Weesp";"1117";"5786";"";"."
"2019";"West Betuwe";"4031";"43576";"";"."
"2019";"West Maas en Waal";"2451";"18956";"";"."
"2019";"Westerkwartier";"5696";"55837";"";"."
"2019";"Westerveld";"3029";"14118";"";"."
"2019";"Westervoort";"871";"3838";"";"."
"2019";"Westerwolde";"1717";"11073";"";"."
"2019";"Westland";"6396";"55447";"";"."
"2019";"Weststellingwerf";"1946";"26334";"";"."
"2019";"Westvoorne";"1288";"7933";"";"."
"2019";"Wierden";"1847";"17868";"";"."
"2019";"Wijchen";"3116";"16841";"";"."
"2019";"Wijdemeren";"1465";"8848";"";"."
"2019";"Wijk bij Duurstede";"1616";"8647";"";"."
"2019";"Winterswijk";"2350";"14464";"";"."
"2019";"Woensdrecht";"1386";"9872";"";"."
"2019";"Woerden";"3591";"23046";"";"."
"2019";"De Wolden";"3554";"18840";"";"."
"2019";"Wormerland";"1348";"4943";"";"."
"2019";"Woudenberg";"1182";"5756";"";"."
"2019";"Zaanstad";"6076";"36499";"";"."
"2019";"Zaltbommel";"2512";"17795";"";"."
"2019";"Zandvoort";"361";"1545";"";"."
"2019";"Zeewolde";"2062";"32595";"";"."
"2019";"Zeist";"2813";"11901";"";"."
"2019";"Zevenaar";"3049";"18611";"";"."
"2019";"Zoetermeer";"5662";"22291";"";"."
"2019";"Zoeterwoude";"678";"5278";"";"."
"2019";"Zuidplas";"2645";"15562";"";"."
"2019";"Zundert";"1454";"11131";"";"."
"2019";"Zutphen";"2859";"15996";"";"."
"2019";"Zwartewaterland";"1352";"17369";"";"."
"2019";"Zwijndrecht";"1547";"7965";"";"."
"2019";"Zwolle";"10404";"61446";"";"."
"2019";"Gemeenten; niet in te delen";"359";"1303";"";"1"
"2020";"Nederland";"1383888";"11108427";"";"8567"
"2020";"Aa en Hunze";"3680";"26174";"";"."
"2020";"Aalsmeer";"2513";"19234";"";"."
"2020";"Aalten";"2769";"23723";"";"."
"2020";"Achtkarspelen";"2561";"30455";"";"."
"2020";"Alblasserdam";"872";"4982";"";"."
"2020";"Albrandswaard";"1558";"13247";"";"."
"2020";"Alkmaar";"9067";"47118";"";"."
"2020";"Almelo";"4421";"70735";"";"."
"2020";"Almere";"15175";"103265";"";"."
"2020";"Alphen aan den Rijn";"10189";"53012";"";"."
"2020";"Alphen-Chaam";"881";"9931";"";"."
"2020";"Altena";"4696";"38336";"";"."
"2020";"Ameland";"384";"8028";"";"."
"2020";"Amersfoort";"14554";"54989";"";"."
"2020";"Amstelveen";"4669";"23260";"";"."
"2020";"Amsterdam";"19465";"128268";"";"."
"2020";"Apeldoorn";"15447";"78907";"";"."
"2020";"Appingedam";"1620";"6804";"";"."
"2020";"Arnhem";"8786";"43592";"";"."
"2020";"Assen";"8905";"49117";"";"."
"2020";"Asten";"1623";"26423";"";"."
"2020";"Baarle-Nassau";"540";"10056";"";"."
"2020";"Baarn";"1865";"7881";"";"."
"2020";"Barendrecht";"2993";"18915";"";"."
"2020";"Barneveld";"5239";"57705";"";"."
"2020";"Beek (L.)";"2185";"10327";"";"."
"2020";"Beekdaelen";"4608";"24710";"";"."
"2020";"Beemster";"1027";"5625";"";"."
"2020";"Beesel";"1588";"9509";"";"."
"2020";"Berg en Dal";"3137";"15831";"";"."
"2020";"Bergeijk";"1975";"23855";"";"."
"2020";"Bergen (L.)";"1342";"11712";"";"."
"2020";"Bergen (NH.)";"4149";"17849";"";"."
"2020";"Bergen op Zoom";"6086";"31206";"";"."
"2020";"Berkelland";"4563";"35931";"";"."
"2020";"Bernheze";"3238";"33678";"";"."
"2020";"Best";"3469";"27696";"";"."
"2020";"Beuningen";"2437";"22376";"";"."
"2020";"Beverwijk";"3002";"11334";"";"."
"2020";"De Bilt";"2322";"12804";"";"."
"2020";"Bladel";"1939";"25809";"";"."
"2020";"Blaricum";"725";"2900";"";"."
"2020";"Bloemendaal";"1135";"6551";"";"."
"2020";"Bodegraven-Reeuwijk";"3193";"21664";"";"."
"2020";"Boekel";"1169";"28378";"";"."
"2020";"Borger-Odoorn";"3548";"68251";"";"."
"2020";"Borne";"2470";"11808";"";"."
"2020";"Borsele";"3434";"87391";"";"."
"2020";"Boxmeer";"3138";"33456";"";"."
"2020";"Boxtel";"3165";"19814";"";"."
"2020";"Breda";"8619";"63942";"";"."
"2020";"Brielle";"1255";"6444";"";"."
"2020";"Bronckhorst";"3999";"31989";"";"."
"2020";"Brummen";"2308";"11673";"";"."
"2020";"Brunssum";"2444";"10435";"";"."
"2020";"Bunnik";"1756";"9968";"";"."
"2020";"Bunschoten";"1528";"22203";"";"."
"2020";"Buren";"2562";"20697";"";"."
"2020";"Capelle aan den IJssel";"2525";"11475";"";"."
"2020";"Castricum";"4838";"16712";"";"."
"2020";"Coevorden";"5302";"63365";"";"."
"2020";"Cranendonck";"2280";"62380";"";"."
"2020";"Cuijk";"2712";"19485";"";"."
"2020";"Culemborg";"2977";"14838";"";"."
"2020";"Dalfsen";"4396";"33637";"";"."
"2020";"Dantumadiel";"2488";"13953";"";"."
"2020";"Delft";"4533";"17306";"";"."
"2020";"Delfzijl";"3296";"65610";"";"."
"2020";"Deurne";"2811";"40587";"";"."
"2020";"Deventer";"7706";"44222";"";"."
"2020";"Diemen";"1548";"7784";"";"."
"2020";"Dijk en Waard";"";"";"";""
"2020";"Dinkelland";"2828";"26213";"";"."
"2020";"Doesburg";"895";"3898";"";"."
"2020";"Doetinchem";"5850";"29948";"";"."
"2020";"Dongen";"2258";"10876";"";"."
"2020";"Dordrecht";"4721";"34501";"";"."
"2020";"Drechterland";"2523";"20063";"";"."
"2020";"Drimmelen";"2035";"16249";"";"."
"2020";"Dronten";"5527";"55917";"";"."
"2020";"Druten";"1757";"12072";"";"."
"2020";"Duiven";"2127";"19450";"";"."
"2020";"Echt-Susteren";"3929";"25825";"";"."
"2020";"Edam-Volendam";"2539";"13085";"";"."
"2020";"Ede";"9645";"78209";"";"."
"2020";"Eemnes";"1262";"11176";"";"."
"2020";"Eemsdelta";"";"";"";""
"2020";"Eersel";"2043";"20507";"";"."
"2020";"Eijsden-Margraten";"3399";"20923";"";"."
"2020";"Eindhoven";"17789";"109821";"";"."
"2020";"Elburg";"2549";"15066";"";"."
"2020";"Emmen";"11349";"141575";"";"."
"2020";"Enkhuizen";"1245";"5994";"";"."
"2020";"Enschede";"9202";"64642";"";"."
"2020";"Epe";"2616";"17548";"";"."
"2020";"Ermelo";"2975";"21004";"";"."
"2020";"Etten-Leur";"2937";"24256";"";"."
"2020";"De Fryske Marren";"6417";"43075";"";"."
"2020";"Geertruidenberg";"1503";"14116";"";"."
"2020";"Geldrop-Mierlo";"4098";"18435";"";"."
"2020";"Gemert-Bakel";"3429";"35569";"";"."
"2020";"Gennep";"1828";"30858";"";"."
"2020";"Gilze en Rijen";"2279";"17817";"";"."
"2020";"Goeree-Overflakkee";"5951";"125630";"";"."
"2020";"Goes";"4841";"28560";"";"."
"2020";"Goirle";"1983";"15994";"";"."
"2020";"Gooise Meren";"2656";"11573";"";"."
"2020";"Gorinchem";"2173";"14655";"";"."
"2020";"Gouda";"4376";"19507";"";"."
"2020";"Grave";"1137";"6744";"";"."
"2020";"'s-Gravenhage (gemeente)";"13583";"58362";"";"."
"2020";"Groningen (gemeente)";"19015";"113213";"";"."
"2020";"Gulpen-Wittem";"1506";"8483";"";"."
"2020";"Haaksbergen";"2268";"14634";"";"."
"2020";"Haaren";"1436";"11210";"";"."
"2020";"Haarlem";"7119";"30377";"";"."
"2020";"Haarlemmermeer";"13170";"115621";"";"."
"2020";"Halderberge";"2863";"21084";"";"."
"2020";"Hardenberg";"5833";"74616";"";"."
"2020";"Harderwijk";"3930";"24157";"";"."
"2020";"Hardinxveld-Giessendam";"2044";"8848";"";"."
"2020";"Harlingen";"2848";"18449";"";"."
"2020";"Hattem";"977";"4302";"";"."
"2020";"Heemskerk";"3772";"14744";"";"."
"2020";"Heemstede";"1603";"7505";"";"."
"2020";"Heerde";"1731";"8961";"";"."
"2020";"Heerenveen";"5601";"65851";"";"."
"2020";"Heerhugowaard";"7020";"40894";"";"."
"2020";"Heerlen";"6396";"38798";"";"."
"2020";"Heeze-Leende";"1809";"14905";"";"."
"2020";"Heiloo";"3137";"12105";"";"."
"2020";"Den Helder";"5496";"31753";"";"."
"2020";"Hellendoorn";"3461";"26199";"";"."
"2020";"Hellevoetsluis";"2594";"11708";"";"."
"2020";"Helmond";"7157";"38135";"";"."
"2020";"Hendrik-Ido-Ambacht";"2103";"7697";"";"."
"2020";"Hengelo (O.)";"5220";"35810";"";"."
"2020";"'s-Hertogenbosch";"10340";"71936";"";"."
"2020";"Heumen";"2175";"10828";"";"."
"2020";"Heusden";"3907";"31903";"";"."
"2020";"Hillegom";"1904";"12234";"";"."
"2020";"Hilvarenbeek";"1503";"16865";"";"."
"2020";"Hilversum";"4522";"17261";"";"."
"2020";"Hoeksche Waard";"7870";"47128";"";"."
"2020";"Hof van Twente";"3863";"47177";"";"."
"2020";"Het Hogeland";"7410";"66435";"";"."
"2020";"Hollands Kroon";"5544";"88527";"";"."
"2020";"Hoogeveen";"6941";"72912";"";"."
"2020";"Hoorn";"6049";"25147";"";"."
"2020";"Horst aan de Maas";"5752";"56643";"";"."
"2020";"Houten";"4690";"39186";"";"."
"2020";"Huizen";"3926";"13833";"";"."
"2020";"Hulst";"4081";"17416";"";"."
"2020";"IJsselstein";"2047";"10918";"";"."
"2020";"Kaag en Braassem";"3218";"16227";"";"."
"2020";"Kampen";"5239";"43506";"";"."
"2020";"Kapelle";"1861";"12185";"";"."
"2020";"Katwijk";"4017";"21815";"";"."
"2020";"Kerkrade";"5448";"24159";"";"."
"2020";"Koggenland";"2580";"17423";"";"."
"2020";"Krimpen aan den IJssel";"1353";"6765";"";"."
"2020";"Krimpenerwaard";"3698";"26849";"";"."
"2020";"Laarbeek";"2390";"20167";"";"."
"2020";"Land van Cuijk";"";"";"";""
"2020";"Landerd";"1776";"15979";"";"."
"2020";"Landgraaf";"4498";"21006";"";"."
"2020";"Landsmeer";"978";"4583";"";"."
"2020";"Langedijk";"3609";"21527";"";"."
"2020";"Lansingerland";"6096";"46628";"";"."
"2020";"Laren (NH.)";"311";"1574";"";"."
"2020";"Leeuwarden";"12925";"115038";"";"."
"2020";"Leiden";"5214";"20551";"";"."
"2020";"Leiderdorp";"1771";"6965";"";"."
"2020";"Leidschendam-Voorburg";"2890";"10707";"";"."
"2020";"Lelystad";"8220";"132618";"";"."
"2020";"Leudal";"4594";"40301";"";"."
"2020";"Leusden";"3110";"18803";"";"."
"2020";"Lingewaard";"5153";"44934";"";"."
"2020";"Lisse";"2391";"8402";"";"."
"2020";"Lochem";"3766";"31477";"";"."
"2020";"Loon op Zand";"1761";"9927";"";"."
"2020";"Lopik";"1302";"12548";"";"."
"2020";"Loppersum";"1859";"10948";"";"."
"2020";"Losser";"2368";"16667";"";"."
"2020";"Maasdriel";"3103";"21445";"";"."
"2020";"Maasgouw";"3346";"15797";"";"."
"2020";"Maashorst";"";"";"";""
"2020";"Maassluis";"1624";"6611";"";"."
"2020";"Maastricht";"6781";"50275";"";"."
"2020";"Medemblik";"5525";"63409";"";"."
"2020";"Meerssen";"2354";"11420";"";"."
"2020";"Meierijstad";"9542";"104042";"";"."
"2020";"Meppel";"3583";"17936";"";"."
"2020";"Middelburg (Z.)";"5001";"35287";"";"."
"2020";"Midden-Delfland";"2114";"10733";"";"."
"2020";"Midden-Drenthe";"5535";"39895";"";"."
"2020";"Midden-Groningen";"8527";"251082";"";"."
"2020";"Mill en Sint Hubert";"1121";"10410";"";"."
"2020";"Moerdijk";"3628";"65453";"";"."
"2020";"Molenlanden";"3348";"31414";"";"."
"2020";"Montferland";"4734";"35814";"";"."
"2020";"Montfoort";"1236";"15285";"";"."
"2020";"Mook en Middelaar";"958";"4652";"";"."
"2020";"Neder-Betuwe";"1813";"20654";"";"."
"2020";"Nederweert";"2371";"36277";"";"."
"2020";"Nieuwegein";"3934";"43644";"";"."
"2020";"Nieuwkoop";"2496";"17099";"";"."
"2020";"Nijkerk";"4301";"34520";"";"."
"2020";"Nijmegen";"12558";"57467";"";"."
"2020";"Nissewaard";"5746";"20611";"";"."
"2020";"Noardeast-Fryslân";"5010";"41856";"";"."
"2020";"Noord-Beveland";"1225";"10772";"";"."
"2020";"Noordenveld";"4182";"22465";"";"."
"2020";"Noordoostpolder";"4805";"138382";"";"."
"2020";"Noordwijk";"3343";"20785";"";"."
"2020";"Nuenen, Gerwen en Nederwetten";"2558";"15139";"";"."
"2020";"Nunspeet";"2006";"11844";"";"."
"2020";"Oegstgeest";"2068";"7386";"";"."
"2020";"Oirschot";"1702";"25086";"";"."
"2020";"Oisterwijk";"1979";"15170";"";"."
"2020";"Oldambt";"4066";"37036";"";"."
"2020";"Oldebroek";"2224";"18567";"";"."
"2020";"Oldenzaal";"2860";"29138";"";"."
"2020";"Olst-Wijhe";"2694";"14351";"";"."
"2020";"Ommen";"1971";"22417";"";"."
"2020";"Oost Gelre";"3191";"27921";"";"."
"2020";"Oosterhout";"4398";"30416";"";"."
"2020";"Ooststellingwerf";"4254";"101668";"";"."
"2020";"Oostzaan";"763";"4888";"";"."
"2020";"Opmeer";"1411";"10567";"";"."
"2020";"Opsterland";"3283";"26343";"";"."
"2020";"Oss";"8292";"68844";"";"."
"2020";"Oude IJsselstreek";"4433";"37286";"";"."
"2020";"Ouder-Amstel";"922";"5461";"";"."
"2020";"Oudewater";"836";"6362";"";"."
"2020";"Overbetuwe";"4624";"37932";"";"."
"2020";"Papendrecht";"1735";"8454";"";"."
"2020";"Peel en Maas";"6410";"69890";"";"."
"2020";"Pekela";"1049";"16264";"";"."
"2020";"Pijnacker-Nootdorp";"4900";"29644";"";"."
"2020";"Purmerend";"4072";"24440";"";"."
"2020";"Putten";"1908";"17627";"";"."
"2020";"Raalte";"5810";"40476";"";"."
"2020";"Reimerswaal";"2560";"45853";"";"."
"2020";"Renkum";"2606";"11449";"";"."
"2020";"Renswoude";"468";"6534";"";"."
"2020";"Reusel-De Mierden";"1253";"25894";"";"."
"2020";"Rheden";"2760";"14628";"";"."
"2020";"Rhenen";"1802";"11545";"";"."
"2020";"Ridderkerk";"2833";"14631";"";"."
"2020";"Rijssen-Holten";"3267";"45646";"";"."
"2020";"Rijswijk (ZH.)";"3036";"10560";"";"."
"2020";"Roerdalen";"2830";"16803";"";"."
"2020";"Roermond";"5468";"34996";"";"."
"2020";"De Ronde Venen";"4615";"20053";"";"."
"2020";"Roosendaal";"5498";"37938";"";"."
"2020";"Rotterdam";"12707";"81911";"";"."
"2020";"Rozendaal";"242";"1489";"";"."
"2020";"Rucphen";"1772";"11273";"";"."
"2020";"Schagen";"5125";"59564";"";"."
"2020";"Scherpenzeel";"782";"5058";"";"."
"2020";"Schiedam";"2197";"11137";"";"."
"2020";"Schiermonnikoog";"150";"2080";"";"."
"2020";"Schouwen-Duiveland";"4706";"41297";"";"."
"2020";"Simpelveld";"1128";"5491";"";"."
"2020";"Sint Anthonis";"1272";"18674";"";"."
"2020";"Sint-Michielsgestel";"3303";"19424";"";"."
"2020";"Sittard-Geleen";"8511";"56515";"";"."
"2020";"Sliedrecht";"1393";"11761";"";"."
"2020";"Sluis";"2759";"17361";"";"."
"2020";"Smallingerland";"5576";"40667";"";"."
"2020";"Soest";"3520";"18989";"";"."
"2020";"Someren";"2466";"32995";"";"."
"2020";"Son en Breugel";"2005";"24251";"";"."
"2020";"Stadskanaal";"2644";"138451";"";"."
"2020";"Staphorst";"1465";"15599";"";"."
"2020";"Stede Broec";"2515";"13414";"";"."
"2020";"Steenbergen";"2550";"19727";"";"."
"2020";"Steenwijkerland";"4312";"29443";"";"."
"2020";"Stein (L.)";"3775";"18063";"";"."
"2020";"Stichtse Vecht";"4429";"19142";"";"."
"2020";"Súdwest-Fryslân";"9963";"67217";"";"."
"2020";"Terneuzen";"5765";"37619";"";"."
"2020";"Terschelling";"454";"3536";"";"."
"2020";"Texel";"1818";"13454";"";"."
"2020";"Teylingen";"3547";"21219";"";"."
"2020";"Tholen";"2995";"42097";"";"."
"2020";"Tiel";"2729";"18958";"";"."
"2020";"Tilburg";"13269";"106323";"";"."
"2020";"Tubbergen";"1918";"19595";"";"."
"2020";"Twenterand";"2920";"41476";"";"."
"2020";"Tynaarlo";"4869";"60335";"";"."
"2020";"Tytsjerksteradiel";"4181";"36370";"";"."
"2020";"Uden";"5815";"52141";"";"."
"2020";"Uitgeest";"1711";"5731";"";"."
"2020";"Uithoorn";"2317";"17311";"";"."
"2020";"Urk";"1353";"10892";"";"."
"2020";"Utrecht (gemeente)";"20311";"99684";"";"."
"2020";"Utrechtse Heuvelrug";"4364";"21334";"";"."
"2020";"Vaals";"990";"3700";"";"."
"2020";"Valkenburg aan de Geul";"1499";"8004";"";"."
"2020";"Valkenswaard";"3597";"20292";"";"."
"2020";"Veendam";"2794";"40316";"";"."
"2020";"Veenendaal";"5873";"27435";"";"."
"2020";"Veere";"3619";"22430";"";"."
"2020";"Veldhoven";"4318";"26390";"";"."
"2020";"Velsen";"3420";"18845";"";"."
"2020";"Venlo";"10524";"111267";"";"."
"2020";"Venray";"6176";"69070";"";"."
"2020";"Vijfheerenlanden";"5580";"35058";"";"."
"2020";"Vlaardingen";"2727";"12635";"";"."
"2020";"Vlieland";"187";"2002";"";"."
"2020";"Vlissingen";"5883";"44293";"";"."
"2020";"Voerendaal";"1532";"7123";"";"."
"2020";"Voorne aan Zee";"";"";"";""
"2020";"Voorschoten";"1328";"5251";"";"."
"2020";"Voorst";"2358";"61312";"";"."
"2020";"Vught";"1655";"9841";"";"."
"2020";"Waadhoeke";"4948";"50719";"";"."
"2020";"Waalre";"1769";"10376";"";"."
"2020";"Waalwijk";"3002";"40351";"";"."
"2020";"Waddinxveen";"2313";"19866";"";"."
"2020";"Wageningen";"3454";"16046";"";"."
"2020";"Wassenaar";"1316";"4950";"";"."
"2020";"Waterland";"1309";"6128";"";"."
"2020";"Weert";"5593";"44611";"";"."
"2020";"Weesp";"1462";"7489";"";"."
"2020";"West Betuwe";"5357";"57557";"";"."
"2020";"West Maas en Waal";"3004";"26759";"";"."
"2020";"Westerkwartier";"7361";"69971";"";"."
"2020";"Westerveld";"3409";"17335";"";"."
"2020";"Westervoort";"1150";"5216";"";"."
"2020";"Westerwolde";"2313";"126414";"";"."
"2020";"Westland";"8326";"67433";"";"."
"2020";"Weststellingwerf";"3244";"34278";"";"."
"2020";"Westvoorne";"1596";"9472";"";"."
"2020";"Wierden";"2502";"26965";"";"."
"2020";"Wijchen";"4069";"25806";"";"."
"2020";"Wijdemeren";"1866";"19533";"";"."
"2020";"Wijk bij Duurstede";"2148";"11331";"";"."
"2020";"Winterswijk";"2982";"20448";"";"."
"2020";"Woensdrecht";"1858";"15225";"";"."
"2020";"Woerden";"4474";"30251";"";"."
"2020";"De Wolden";"4028";"24046";"";"."
"2020";"Wormerland";"1713";"8513";"";"."
"2020";"Woudenberg";"1511";"8636";"";"."
"2020";"Zaanstad";"7938";"46315";"";"."
"2020";"Zaltbommel";"3246";"28920";"";"."
"2020";"Zandvoort";"453";"1820";"";"."
"2020";"Zeewolde";"2611";"42654";"";"."
"2020";"Zeist";"3908";"18052";"";"."
"2020";"Zevenaar";"4350";"30897";"";"."
"2020";"Zoetermeer";"7360";"31714";"";"."
"2020";"Zoeterwoude";"968";"10713";"";"."
"2020";"Zuidplas";"3727";"37285";"";"."
"2020";"Zundert";"1921";"17025";"";"."
"2020";"Zutphen";"3774";"36066";"";"."
"2020";"Zwartewaterland";"1691";"24299";"";"."
"2020";"Zwijndrecht";"2544";"12313";"";"."
"2020";"Zwolle";"13284";"126108";"";"."
"2020";"Gemeenten; niet in te delen";"432";"1823";"";"1"
"2021 ";"Nederland";"1730285";"14822880";"";"11304"
"2021 ";"Aa en Hunze";"4392";"33382";"";"."
"2021 ";"Aalsmeer";"3093";"34473";"";"."
"2021 ";"Aalten";"3346";"33100";"";"."
"2021 ";"Achtkarspelen";"3158";"34398";"";"."
"2021 ";"Alblasserdam";"1234";"7721";"";"."
"2021 ";"Albrandswaard";"2126";"14970";"";"."
"2021 ";"Alkmaar";"11538";"59943";"";"."
"2021 ";"Almelo";"5894";"97637";"";"."
"2021 ";"Almere";"18703";"124139";"";"."
"2021 ";"Alphen aan den Rijn";"12559";"69882";"";"."
"2021 ";"Alphen-Chaam";"1145";"13716";"";"."
"2021 ";"Altena";"5952";"50993";"";"."
"2021 ";"Ameland";"483";"8761";"";"."
"2021 ";"Amersfoort";"18074";"80978";"";"."
"2021 ";"Amstelveen";"5683";"28643";"";"."
"2021 ";"Amsterdam";"24429";"160576";"";"."
"2021 ";"Apeldoorn";"18507";"138371";"";"."
"2021 ";"Appingedam";"";"";"";""
"2021 ";"Arnhem";"10789";"61514";"";"."
"2021 ";"Assen";"10164";"55032";"";"."
"2021 ";"Asten";"2215";"32788";"";"."
"2021 ";"Baarle-Nassau";"702";"13912";"";"."
"2021 ";"Baarn";"2260";"9571";"";"."
"2021 ";"Barendrecht";"4506";"28640";"";"."
"2021 ";"Barneveld";"6224";"73376";"";"."
"2021 ";"Beek (L.)";"2522";"13513";"";"."
"2021 ";"Beekdaelen";"5458";"31614";"";"."
"2021 ";"Beemster";"1436";"9902";"";"."
"2021 ";"Beesel";"1856";"10538";"";"."
"2021 ";"Berg en Dal";"3945";"21385";"";"."
"2021 ";"Bergeijk";"2553";"30457";"";"."
"2021 ";"Bergen (L.)";"1819";"15073";"";"."
"2021 ";"Bergen (NH.)";"5095";"23247";"";"."
"2021 ";"Bergen op Zoom";"7642";"43476";"";"."
"2021 ";"Berkelland";"5485";"66076";"";"."
"2021 ";"Bernheze";"4202";"45510";"";"."
"2021 ";"Best";"4350";"36782";"";"."
"2021 ";"Beuningen";"3040";"26356";"";"."
"2021 ";"Beverwijk";"3620";"13748";"";"."
"2021 ";"De Bilt";"3152";"17479";"";"."
"2021 ";"Bladel";"2651";"35120";"";"."
"2021 ";"Blaricum";"971";"4197";"";"."
"2021 ";"Bloemendaal";"1545";"7457";"";"."
"2021 ";"Bodegraven-Reeuwijk";"4083";"28457";"";"."
"2021 ";"Boekel";"1518";"31202";"";"."
"2021 ";"Borger-Odoorn";"4195";"193712";"";"."
"2021 ";"Borne";"3157";"16683";"";"."
"2021 ";"Borsele";"3840";"105402";"";"."
"2021 ";"Boxmeer";"3894";"40631";"";"."
"2021 ";"Boxtel";"4029";"26149";"";"."
"2021 ";"Breda";"11910";"121128";"";"."
"2021 ";"Brielle";"1609";"9226";"";"."
"2021 ";"Bronckhorst";"4777";"41861";"";"."
"2021 ";"Brummen";"3343";"26801";"";"."
"2021 ";"Brunssum";"3022";"12938";"";"."
"2021 ";"Bunnik";"2276";"14017";"";"."
"2021 ";"Bunschoten";"2011";"25074";"";"."
"2021 ";"Buren";"3267";"28558";"";"."
"2021 ";"Capelle aan den IJssel";"3206";"14466";"";"."
"2021 ";"Castricum";"6025";"21147";"";"."
"2021 ";"Coevorden";"6082";"93650";"";"."
"2021 ";"Cranendonck";"2912";"70314";"";"."
"2021 ";"Cuijk";"3403";"28252";"";"."
"2021 ";"Culemborg";"3601";"19651";"";"."
"2021 ";"Dalfsen";"5170";"41657";"";"."
"2021 ";"Dantumadiel";"3371";"17451";"";"."
"2021 ";"Delft";"5722";"23619";"";"."
"2021 ";"Delfzijl";"";"";"";""
"2021 ";"Deurne";"3737";"51277";"";"."
"2021 ";"Deventer";"9609";"55851";"";"."
"2021 ";"Diemen";"2173";"9893";"";"."
"2021 ";"Dijk en Waard";"";"";"";""
"2021 ";"Dinkelland";"3526";"36519";"";"."
"2021 ";"Doesburg";"1076";"5347";"";"."
"2021 ";"Doetinchem";"7078";"39718";"";"."
"2021 ";"Dongen";"2913";"28677";"";"."
"2021 ";"Dordrecht";"6393";"51547";"";"."
"2021 ";"Drechterland";"3160";"25748";"";"."
"2021 ";"Drimmelen";"2712";"24759";"";"."
"2021 ";"Dronten";"6532";"105506";"";"."
"2021 ";"Druten";"2292";"48797";"";"."
"2021 ";"Duiven";"2687";"21944";"";"."
"2021 ";"Echt-Susteren";"4813";"33364";"";"."
"2021 ";"Edam-Volendam";"3111";"16483";"";"."
"2021 ";"Ede";"11726";"99149";"";"."
"2021 ";"Eemnes";"1517";"12079";"";"."
"2021 ";"Eemsdelta";"7783";"104182";"";"."
"2021 ";"Eersel";"2725";"26065";"";"."
"2021 ";"Eijsden-Margraten";"3996";"25905";"";"."
"2021 ";"Eindhoven";"21448";"141105";"";"."
"2021 ";"Elburg";"3055";"19038";"";"."
"2021 ";"Emmen";"13679";"167430";"";"."
"2021 ";"Enkhuizen";"1494";"8007";"";"."
"2021 ";"Enschede";"11339";"96725";"";"."
"2021 ";"Epe";"3314";"27754";"";"."
"2021 ";"Ermelo";"3417";"26634";"";"."
"2021 ";"Etten-Leur";"3741";"39217";"";"."
"2021 ";"De Fryske Marren";"8268";"68494";"";"."
"2021 ";"Geertruidenberg";"2072";"22436";"";"."
"2021 ";"Geldrop-Mierlo";"5043";"24369";"";"."
"2021 ";"Gemert-Bakel";"4377";"50439";"";"."
"2021 ";"Gennep";"2303";"36743";"";"."
"2021 ";"Gilze en Rijen";"2716";"25015";"";"."
"2021 ";"Goeree-Overflakkee";"7438";"149436";"";"."
"2021 ";"Goes";"5677";"36159";"";"."
"2021 ";"Goirle";"2418";"18806";"";"."
"2021 ";"Gooise Meren";"3405";"15087";"";"."
"2021 ";"Gorinchem";"2822";"20184";"";"."
"2021 ";"Gouda";"5532";"24293";"";"."
"2021 ";"Grave";"1520";"8764";"";"."
"2021 ";"'s-Gravenhage (gemeente)";"17989";"77435";"";"."
"2021 ";"Groningen (gemeente)";"23956";"146201";"";"."
"2021 ";"Gulpen-Wittem";"1784";"10234";"";"."
"2021 ";"Haaksbergen";"2902";"20289";"";"."
"2021 ";"Haaren";"";"";"";""
"2021 ";"Haarlem";"9222";"38339";"";"."
"2021 ";"Haarlemmermeer";"16066";"142255";"";"."
"2021 ";"Halderberge";"3626";"41474";"";"."
"2021 ";"Hardenberg";"7425";"94520";"";"."
"2021 ";"Harderwijk";"4818";"27655";"";"."
"2021 ";"Hardinxveld-Giessendam";"2568";"12472";"";"."
"2021 ";"Harlingen";"3116";"20815";"";"."
"2021 ";"Hattem";"1180";"5704";"";"."
"2021 ";"Heemskerk";"4421";"17917";"";"."
"2021 ";"Heemstede";"2108";"9281";"";"."
"2021 ";"Heerde";"2158";"12215";"";"."
"2021 ";"Heerenveen";"6735";"81391";"";"."
"2021 ";"Heerhugowaard";"8617";"53541";"";"."
"2021 ";"Heerlen";"7429";"47022";"";"."
"2021 ";"Heeze-Leende";"2365";"21102";"";"."
"2021 ";"Heiloo";"4228";"15257";"";"."
"2021 ";"Den Helder";"7104";"63654";"";"."
"2021 ";"Hellendoorn";"4444";"33130";"";"."
"2021 ";"Hellevoetsluis";"3598";"16382";"";"."
"2021 ";"Helmond";"9732";"50045";"";"."
"2021 ";"Hendrik-Ido-Ambacht";"2829";"10489";"";"."
"2021 ";"Hengelo (O.)";"7062";"50004";"";"."
"2021 ";"'s-Hertogenbosch";"13883";"103745";"";"."
"2021 ";"Heumen";"2585";"13095";"";"."
"2021 ";"Heusden";"4878";"41223";"";"."
"2021 ";"Hillegom";"2228";"15014";"";"."
"2021 ";"Hilvarenbeek";"1854";"24746";"";"."
"2021 ";"Hilversum";"5732";"22209";"";"."
"2021 ";"Hoeksche Waard";"10523";"86342";"";"."
"2021 ";"Hof van Twente";"4676";"75625";"";"."
"2021 ";"Het Hogeland";"8476";"103540";"";"."
"2021 ";"Hollands Kroon";"6897";"102272";"";"."
"2021 ";"Hoogeveen";"7835";"102922";"";"."
"2021 ";"Hoorn";"7264";"31512";"";"."
"2021 ";"Horst aan de Maas";"7130";"79754";"";"."
"2021 ";"Houten";"5973";"62980";"";"."
"2021 ";"Huizen";"4609";"16649";"";"."
"2021 ";"Hulst";"4765";"25578";"";"."
"2021 ";"IJsselstein";"2914";"15041";"";"."
"2021 ";"Kaag en Braassem";"4016";"21006";"";"."
"2021 ";"Kampen";"6181";"62859";"";"."
"2021 ";"Kapelle";"2152";"14992";"";"."
"2021 ";"Katwijk";"4857";"25916";"";"."
"2021 ";"Kerkrade";"6193";"45228";"";"."
"2021 ";"Koggenland";"3092";"24518";"";"."
"2021 ";"Krimpen aan den IJssel";"2128";"9898";"";"."
"2021 ";"Krimpenerwaard";"5112";"34769";"";"."
"2021 ";"Laarbeek";"3080";"26660";"";"."
"2021 ";"Land van Cuijk";"";"";"";""
"2021 ";"Landerd";"2132";"20351";"";"."
"2021 ";"Landgraaf";"5205";"36831";"";"."
"2021 ";"Landsmeer";"1195";"5478";"";"."
"2021 ";"Langedijk";"4295";"25590";"";"."
"2021 ";"Lansingerland";"7769";"75601";"";"."
"2021 ";"Laren (NH.)";"395";"2043";"";"."
"2021 ";"Leeuwarden";"15464";"131111";"";"."
"2021 ";"Leiden";"6659";"25985";"";"."
"2021 ";"Leiderdorp";"2321";"8963";"";"."
"2021 ";"Leidschendam-Voorburg";"3736";"15580";"";"."
"2021 ";"Lelystad";"9974";"148804";"";"."
"2021 ";"Leudal";"5611";"52823";"";"."
"2021 ";"Leusden";"4023";"22815";"";"."
"2021 ";"Lingewaard";"6860";"54223";"";"."
"2021 ";"Lisse";"3056";"11527";"";"."
"2021 ";"Lochem";"4554";"58221";"";"."
"2021 ";"Loon op Zand";"2356";"13672";"";"."
"2021 ";"Lopik";"1664";"15015";"";"."
"2021 ";"Loppersum";"";"";"";""
"2021 ";"Losser";"3005";"48735";"";"."
"2021 ";"Maasdriel";"3690";"27248";"";"."
"2021 ";"Maasgouw";"4141";"20661";"";"."
"2021 ";"Maashorst";"";"";"";""
"2021 ";"Maassluis";"2163";"8824";"";"."
"2021 ";"Maastricht";"8254";"59230";"";"."
"2021 ";"Medemblik";"6715";"91327";"";"."
"2021 ";"Meerssen";"2802";"13985";"";"."
"2021 ";"Meierijstad";"12012";"131827";"";"."
"2021 ";"Meppel";"4277";"21259";"";"."
"2021 ";"Middelburg (Z.)";"5881";"39181";"";"."
"2021 ";"Midden-Delfland";"2419";"17967";"";"."
"2021 ";"Midden-Drenthe";"6425";"78358";"";"."
"2021 ";"Midden-Groningen";"10566";"280487";"";"."
"2021 ";"Mill en Sint Hubert";"1441";"13125";"";"."
"2021 ";"Moerdijk";"4459";"89769";"";"."
"2021 ";"Molenlanden";"4428";"40722";"";"."
"2021 ";"Montferland";"6130";"42708";"";"."
"2021 ";"Montfoort";"1596";"18083";"";"."
"2021 ";"Mook en Middelaar";"1221";"6033";"";"."
"2021 ";"Neder-Betuwe";"2436";"27781";"";"."
"2021 ";"Nederweert";"2806";"42816";"";"."
"2021 ";"Nieuwegein";"5474";"51421";"";"."
"2021 ";"Nieuwkoop";"3065";"20892";"";"."
"2021 ";"Nijkerk";"5328";"41233";"";"."
"2021 ";"Nijmegen";"15567";"70602";"";"."
"2021 ";"Nissewaard";"7998";"29895";"";"."
"2021 ";"Noardeast-Fryslân";"6641";"49472";"";"."
"2021 ";"Noord-Beveland";"1424";"11665";"";"."
"2021 ";"Noordenveld";"5155";"29897";"";"."
"2021 ";"Noordoostpolder";"6016";"141836";"";"."
"2021 ";"Noordwijk";"4456";"26137";"";"."
"2021 ";"Nuenen, Gerwen en Nederwetten";"3267";"19785";"";"."
"2021 ";"Nunspeet";"2497";"17387";"";"."
"2021 ";"Oegstgeest";"2573";"11387";"";"."
"2021 ";"Oirschot";"2224";"31297";"";"."
"2021 ";"Oisterwijk";"3187";"28787";"";"."
"2021 ";"Oldambt";"5897";"49519";"";"."
"2021 ";"Oldebroek";"2765";"24712";"";"."
"2021 ";"Oldenzaal";"3694";"34389";"";"."
"2021 ";"Olst-Wijhe";"3180";"18484";"";"."
"2021 ";"Ommen";"2507";"26804";"";"."
"2021 ";"Oost Gelre";"3819";"35633";"";"."
"2021 ";"Oosterhout";"5548";"44769";"";"."
"2021 ";"Ooststellingwerf";"4938";"109815";"";"."
"2021 ";"Oostzaan";"952";"6506";"";"."
"2021 ";"Opmeer";"1641";"12104";"";"."
"2021 ";"Opsterland";"3984";"45287";"";"."
"2021 ";"Oss";"11482";"89990";"";"."
"2021 ";"Oude IJsselstreek";"5334";"43890";"";"."
"2021 ";"Ouder-Amstel";"1309";"7199";"";"."
"2021 ";"Oudewater";"1118";"7980";"";"."
"2021 ";"Overbetuwe";"5803";"48441";"";"."
"2021 ";"Papendrecht";"2304";"11253";"";"."
"2021 ";"Peel en Maas";"7583";"84264";"";"."
"2021 ";"Pekela";"1375";"19963";"";"."
"2021 ";"Pijnacker-Nootdorp";"6882";"38290";"";"."
"2021 ";"Purmerend";"5280";"30494";"";"."
"2021 ";"Putten";"2453";"21349";"";"."
"2021 ";"Raalte";"6718";"52740";"";"."
"2021 ";"Reimerswaal";"2950";"47405";"";"."
"2021 ";"Renkum";"3064";"14060";"";"."
"2021 ";"Renswoude";"610";"7393";"";"."
"2021 ";"Reusel-De Mierden";"1737";"31146";"";"."
"2021 ";"Rheden";"3360";"22259";"";"."
"2021 ";"Rhenen";"2263";"13748";"";"."
"2021 ";"Ridderkerk";"3646";"25364";"";"."
"2021 ";"Rijssen-Holten";"4045";"55477";"";"."
"2021 ";"Rijswijk (ZH.)";"3865";"14083";"";"."
"2021 ";"Roerdalen";"3549";"21017";"";"."
"2021 ";"Roermond";"6740";"43848";"";"."
"2021 ";"De Ronde Venen";"5947";"26460";"";"."
"2021 ";"Roosendaal";"6929";"99943";"";"."
"2021 ";"Rotterdam";"16672";"102091";"";"."
"2021 ";"Rozendaal";"288";"1717";"";"."
"2021 ";"Rucphen";"2369";"15015";"";"."
"2021 ";"Schagen";"6153";"81077";"";"."
"2021 ";"Scherpenzeel";"1090";"8034";"";"."
"2021 ";"Schiedam";"2951";"15845";"";"."
"2021 ";"Schiermonnikoog";"193";"2474";"";"."
"2021 ";"Schouwen-Duiveland";"5531";"46069";"";"."
"2021 ";"Simpelveld";"1335";"6563";"";"."
"2021 ";"Sint Anthonis";"1584";"25864";"";"."
"2021 ";"Sint-Michielsgestel";"4139";"25768";"";"."
"2021 ";"Sittard-Geleen";"10848";"76546";"";"."
"2021 ";"Sliedrecht";"1841";"13311";"";"."
"2021 ";"Sluis";"3214";"20829";"";"."
"2021 ";"Smallingerland";"7064";"54173";"";"."
"2021 ";"Soest";"4532";"25123";"";"."
"2021 ";"Someren";"3095";"60515";"";"."
"2021 ";"Son en Breugel";"2563";"30122";"";"."
"2021 ";"Stadskanaal";"3319";"141817";"";"."
"2021 ";"Staphorst";"1820";"17136";"";"."
"2021 ";"Stede Broec";"3041";"17830";"";"."
"2021 ";"Steenbergen";"3139";"27627";"";"."
"2021 ";"Steenwijkerland";"5159";"35938";"";"."
"2021 ";"Stein (L.)";"4344";"20591";"";"."
"2021 ";"Stichtse Vecht";"5829";"27483";"";"."
"2021 ";"Súdwest-Fryslân";"11944";"88091";"";"."
"2021 ";"Terneuzen";"7231";"76976";"";"."
"2021 ";"Terschelling";"535";"4437";"";"."
"2021 ";"Texel";"2172";"16156";"";"."
"2021 ";"Teylingen";"4502";"26680";"";"."
"2021 ";"Tholen";"3502";"45911";"";"."
"2021 ";"Tiel";"3640";"29154";"";"."
"2021 ";"Tilburg";"17576";"136306";"";"."
"2021 ";"Tubbergen";"2489";"27436";"";"."
"2021 ";"Twenterand";"3530";"54948";"";"."
"2021 ";"Tynaarlo";"6032";"74263";"";"."
"2021 ";"Tytsjerksteradiel";"5029";"41721";"";"."
"2021 ";"Uden";"6974";"59657";"";"."
"2021 ";"Uitgeest";"2327";"9127";"";"."
"2021 ";"Uithoorn";"3286";"22881";"";"."
"2021 ";"Urk";"1731";"12461";"";"."
"2021 ";"Utrecht (gemeente)";"25451";"128928";"";"."
"2021 ";"Utrechtse Heuvelrug";"5992";"28576";"";"."
"2021 ";"Vaals";"1114";"4283";"";"."
"2021 ";"Valkenburg aan de Geul";"1838";"10450";"";"."
"2021 ";"Valkenswaard";"4304";"26683";"";"."
"2021 ";"Veendam";"4194";"51816";"";"."
"2021 ";"Veenendaal";"7380";"38059";"";"."
"2021 ";"Veere";"3977";"25551";"";"."
"2021 ";"Veldhoven";"5710";"37255";"";"."
"2021 ";"Velsen";"4390";"24003";"";"."
"2021 ";"Venlo";"13511";"146172";"";"."
"2021 ";"Venray";"7270";"91638";"";"."
"2021 ";"Vijfheerenlanden";"7235";"46409";"";"."
"2021 ";"Vlaardingen";"3587";"15813";"";"."
"2021 ";"Vlieland";"221";"2228";"";"."
"2021 ";"Vlissingen";"6425";"47309";"";"."
"2021 ";"Voerendaal";"1759";"8361";"";"."
"2021 ";"Voorne aan Zee";"";"";"";""
"2021 ";"Voorschoten";"1887";"7742";"";"."
"2021 ";"Voorst";"2910";"86000";"";"."
"2021 ";"Vught";"2903";"17019";"";"."
"2021 ";"Waadhoeke";"6237";"58380";"";"."
"2021 ";"Waalre";"2275";"13200";"";"."
"2021 ";"Waalwijk";"3993";"56007";"";"."
"2021 ";"Waddinxveen";"2975";"26486";"";"."
"2021 ";"Wageningen";"4031";"27454";"";"."
"2021 ";"Wassenaar";"1586";"6824";"";"."
"2021 ";"Waterland";"1652";"7510";"";"."
"2021 ";"Weert";"6753";"68255";"";"."
"2021 ";"Weesp";"1752";"9597";"";"."
"2021 ";"West Betuwe";"6759";"76253";"";"."
"2021 ";"West Maas en Waal";"3502";"31949";"";"."
"2021 ";"Westerkwartier";"9390";"110278";"";"."
"2021 ";"Westerveld";"3813";"20209";"";"."
"2021 ";"Westervoort";"1541";"7357";"";"."
"2021 ";"Westerwolde";"2780";"148673";"";"."
"2021 ";"Westland";"10214";"82431";"";"."
"2021 ";"Weststellingwerf";"4647";"46800";"";"."
"2021 ";"Westvoorne";"2021";"12543";"";"."
"2021 ";"Wierden";"3104";"34108";"";"."
"2021 ";"Wijchen";"5085";"37499";"";"."
"2021 ";"Wijdemeren";"2292";"21690";"";"."
"2021 ";"Wijk bij Duurstede";"2877";"15024";"";"."
"2021 ";"Winterswijk";"3630";"25568";"";"."
"2021 ";"Woensdrecht";"2382";"20634";"";"."
"2021 ";"Woerden";"5816";"37057";"";"."
"2021 ";"De Wolden";"4552";"27245";"";"."
"2021 ";"Wormerland";"2080";"10348";"";"."
"2021 ";"Woudenberg";"1841";"11541";"";"."
"2021 ";"Zaanstad";"10288";"61482";"";"."
"2021 ";"Zaltbommel";"3882";"39511";"";"."
"2021 ";"Zandvoort";"650";"2534";"";"."
"2021 ";"Zeewolde";"3245";"52963";"";"."
"2021 ";"Zeist";"5040";"23513";"";"."
"2021 ";"Zevenaar";"5424";"38730";"";"."
"2021 ";"Zoetermeer";"9732";"43318";"";"."
"2021 ";"Zoeterwoude";"1261";"14270";"";"."
"2021 ";"Zuidplas";"4861";"43261";"";"."
"2021 ";"Zundert";"2447";"21447";"";"."
"2021 ";"Zutphen";"4752";"42827";"";"."
"2021 ";"Zwartewaterland";"2166";"24937";"";"."
"2021 ";"Zwijndrecht";"3286";"83470";"";"."
"2021 ";"Zwolle";"16202";"156364";"";"."
"2021 ";"Gemeenten; niet in te delen";"426";"14389";"";"12"
"2022";"Nederland";"2298859";"19536096";"17451365";"16659"
"2022";"Aa en Hunze";"5360";"38849";"37043";"."
"2022";"Aalsmeer";"4196";"43073";"37101";"."
"2022";"Aalten";"4169";"43101";"37741";"."
"2022";"Achtkarspelen";"4119";"40771";"36156";"."
"2022";"Alblasserdam";"1969";"18128";"15852";"."
"2022";"Albrandswaard";"3483";"21659";"18372";"."
"2022";"Alkmaar";"14650";"76531";"71081";"."
"2022";"Almelo";"8701";"114137";"96653";"."
"2022";"Almere";"25261";"156931";"147976";"."
"2022";"Alphen aan den Rijn";"16068";"90506";"82809";"."
"2022";"Alphen-Chaam";"1509";"18123";"16198";"."
"2022";"Altena";"7818";"70778";"62757";"."
"2022";"Ameland";"743";"10255";"10021";"."
"2022";"Amersfoort";"23372";"116225";"102709";"."
"2022";"Amstelveen";"7419";"38488";"35962";"."
"2022";"Amsterdam";"33257";"208180";"187150";"."
"2022";"Apeldoorn";"24583";"169504";"148187";"."
"2022";"Appingedam";"";"";"";""
"2022";"Arnhem";"14490";"91966";"85915";"."
"2022";"Assen";"11992";"66953";"61462";"."
"2022";"Asten";"2865";"38552";"35212";"."
"2022";"Baarle-Nassau";"916";"17820";"15655";"."
"2022";"Baarn";"3108";"12923";"12130";"."
"2022";"Barendrecht";"6753";"42472";"37346";"."
"2022";"Barneveld";"8841";"98436";"87884";"."
"2022";"Beek (L.)";"3032";"16834";"15874";"."
"2022";"Beekdaelen";"6719";"40746";"37835";"."
"2022";"Beemster";"";"";"";""
"2022";"Beesel";"2434";"16362";"14863";"."
"2022";"Berg en Dal";"5123";"28640";"26606";"."
"2022";"Bergeijk";"3192";"35138";"31957";"."
"2022";"Bergen (L.)";"2281";"18121";"16580";"."
"2022";"Bergen (NH.)";"6271";"29444";"27752";"."
"2022";"Bergen op Zoom";"9675";"55103";"49490";"."
"2022";"Berkelland";"7018";"84202";"72731";"."
"2022";"Bernheze";"5580";"58135";"52028";"."
"2022";"Best";"5363";"45759";"39986";"."
"2022";"Beuningen";"4073";"32604";"30070";"."
"2022";"Beverwijk";"4586";"19240";"18108";"."
"2022";"De Bilt";"4443";"23929";"22160";"."
"2022";"Bladel";"3419";"42891";"36347";"."
"2022";"Blaricum";"1414";"6244";"5790";"."
"2022";"Bloemendaal";"2040";"10230";"9273";"."
"2022";"Bodegraven-Reeuwijk";"6117";"38825";"35471";"."
"2022";"Boekel";"1949";"35884";"29198";"."
"2022";"Borger-Odoorn";"5277";"326244";"303976";"."
"2022";"Borne";"4082";"21657";"20366";"."
"2022";"Borsele";"5527";"120088";"94981";"."
"2022";"Boxmeer";"";"";"";""
"2022";"Boxtel";"5075";"35275";"32694";"."
"2022";"Breda";"15876";"143150";"120875";"."
"2022";"Brielle";"2366";"13782";"12758";"."
"2022";"Bronckhorst";"6007";"53988";"48857";"."
"2022";"Brummen";"4140";"35152";"31670";"."
"2022";"Brunssum";"3636";"16400";"15758";"."
"2022";"Bunnik";"3024";"18173";"16753";"."
"2022";"Bunschoten";"3067";"31165";"25937";"."
"2022";"Buren";"4468";"40137";"36532";"."
"2022";"Capelle aan den IJssel";"4726";"22659";"20611";"."
"2022";"Castricum";"7393";"26504";"25408";"."
"2022";"Coevorden";"7255";"160275";"140160";"."
"2022";"Cranendonck";"3793";"77678";"63696";"."
"2022";"Cuijk";"";"";"";""
"2022";"Culemborg";"4669";"25127";"22912";"."
"2022";"Dalfsen";"6185";"48432";"44018";"."
"2022";"Dantumadiel";"4299";"21733";"20058";"."
"2022";"Delft";"7818";"32862";"30812";"."
"2022";"Delfzijl";"";"";"";""
"2022";"Deurne";"5242";"63147";"56302";"."
"2022";"Deventer";"11909";"93393";"80917";"."
"2022";"Diemen";"2938";"12578";"12198";"."
"2022";"Dijk en Waard";"16920";"100609";"91713";"."
"2022";"Dinkelland";"4598";"49398";"44753";"."
"2022";"Doesburg";"1468";"7649";"7286";"."
"2022";"Doetinchem";"9521";"53152";"50119";"."
"2022";"Dongen";"3679";"34373";"28536";"."
"2022";"Dordrecht";"9686";"69994";"61017";"."
"2022";"Drechterland";"4047";"32318";"29783";"."
"2022";"Drimmelen";"3713";"37038";"31335";"."
"2022";"Dronten";"8054";"265461";"246969";"."
"2022";"Druten";"3060";"53289";"39880";"."
"2022";"Duiven";"3574";"29894";"26749";"."
"2022";"Echt-Susteren";"6019";"41541";"38321";"."
"2022";"Edam-Volendam";"4540";"23305";"21635";"."
"2022";"Ede";"15286";"129428";"118118";"."
"2022";"Eemnes";"1897";"14361";"12875";"."
"2022";"Eemsdelta";"9517";"119798";"100934";"."
"2022";"Eersel";"3378";"30314";"28085";"."
"2022";"Eijsden-Margraten";"4860";"32251";"29426";"."
"2022";"Eindhoven";"27318";"174842";"157008";"."
"2022";"Elburg";"3923";"23470";"22379";"."
"2022";"Emmen";"17725";"198175";"173164";"."
"2022";"Enkhuizen";"1949";"12344";"11383";"."
"2022";"Enschede";"15026";"124176";"115971";"."
"2022";"Epe";"4380";"33681";"30548";"."
"2022";"Ermelo";"4173";"35340";"30713";"."
"2022";"Etten-Leur";"5157";"50179";"43057";"."
"2022";"De Fryske Marren";"10545";"83798";"77130";"."
"2022";"Geertruidenberg";"2679";"30869";"27375";"."
"2022";"Geldrop-Mierlo";"6200";"30607";"28938";"."
"2022";"Gemert-Bakel";"5411";"61980";"55052";"."
"2022";"Gennep";"2942";"40896";"34223";"."
"2022";"Gilze en Rijen";"3452";"30604";"27661";"."
"2022";"Goeree-Overflakkee";"10595";"168189";"146265";"."
"2022";"Goes";"8276";"49508";"44845";"."
"2022";"Goirle";"3167";"24447";"22265";"."
"2022";"Gooise Meren";"4838";"21745";"20353";"."
"2022";"Gorinchem";"4319";"26200";"24227";"."
"2022";"Gouda";"7877";"33540";"31134";"."
"2022";"Grave";"";"";"";""
"2022";"'s-Gravenhage (gemeente)";"26292";"112311";"103391";"."
"2022";"Groningen (gemeente)";"29704";"168271";"154923";"."
"2022";"Gulpen-Wittem";"2177";"13079";"12374";"."
"2022";"Haaksbergen";"3808";"29269";"27042";"."
"2022";"Haaren";"";"";"";""
"2022";"Haarlem";"12227";"49971";"47249";"."
"2022";"Haarlemmermeer";"21531";"170310";"154629";"."
"2022";"Halderberge";"4653";"52841";"44244";"."
"2022";"Hardenberg";"9789";"140404";"120390";"."
"2022";"Harderwijk";"6345";"41259";"38623";"."
"2022";"Hardinxveld-Giessendam";"3301";"18189";"16056";"."
"2022";"Harlingen";"3826";"23031";"21249";"."
"2022";"Hattem";"1611";"8248";"7681";"."
"2022";"Heemskerk";"5474";"22754";"21669";"."
"2022";"Heemstede";"3075";"12711";"11572";"."
"2022";"Heerde";"2788";"17027";"15809";"."
"2022";"Heerenveen";"8422";"98267";"86167";"."
"2022";"Heerhugowaard";"";"";"";""
"2022";"Heerlen";"9091";"57072";"53059";"."
"2022";"Heeze-Leende";"3159";"28331";"25324";"."
"2022";"Heiloo";"5100";"19130";"18340";"."
"2022";"Den Helder";"9707";"73241";"61616";"."
"2022";"Hellendoorn";"5826";"43715";"40594";"."
"2022";"Hellevoetsluis";"5199";"23968";"22336";"."
"2022";"Helmond";"12468";"67245";"60688";"."
"2022";"Hendrik-Ido-Ambacht";"4449";"17606";"16185";"."
"2022";"Hengelo (O.)";"9795";"66325";"61697";"."
"2022";"'s-Hertogenbosch";"19234";"133749";"120106";"."
"2022";"Heumen";"3170";"16544";"15675";"."
"2022";"Heusden";"6372";"59530";"51576";"."
"2022";"Hillegom";"2963";"18314";"17375";"."
"2022";"Hilvarenbeek";"2377";"34691";"29622";"."
"2022";"Hilversum";"7709";"31153";"29645";"."
"2022";"Hoeksche Waard";"14809";"110926";"97450";"."
"2022";"Hof van Twente";"6066";"91177";"76873";"."
"2022";"Het Hogeland";"10360";"124674";"106061";"."
"2022";"Hollands Kroon";"8919";"169951";"157249";"."
"2022";"Hoogeveen";"9600";"240019";"209693";"."
"2022";"Hoorn";"9750";"43786";"41060";"."
"2022";"Horst aan de Maas";"8978";"105586";"93364";"."
"2022";"Houten";"7802";"73448";"59789";"."
"2022";"Huizen";"5888";"21791";"20965";"."
"2022";"Hulst";"6892";"36707";"33288";"."
"2022";"IJsselstein";"4204";"20441";"18672";"."
"2022";"Kaag en Braassem";"5318";"28666";"26921";"."
"2022";"Kampen";"7774";"73488";"67548";"."
"2022";"Kapelle";"3104";"19616";"17887";"."
"2022";"Katwijk";"6911";"35084";"32400";"."
"2022";"Kerkrade";"7321";"51285";"43681";"."
"2022";"Koggenland";"4086";"31868";"29262";"."
"2022";"Krimpen aan den IJssel";"3205";"14504";"13599";"."
"2022";"Krimpenerwaard";"8279";"49686";"44318";"."
"2022";"Laarbeek";"4025";"51349";"44407";"."
"2022";"Land van Cuijk";"15200";"162942";"146266";"."
"2022";"Landerd";"";"";"";""
"2022";"Landgraaf";"6295";"42841";"39186";"."
"2022";"Landsmeer";"1501";"7181";"6851";"."
"2022";"Langedijk";"";"";"";""
"2022";"Lansingerland";"11228";"103994";"88224";"."
"2022";"Laren (NH.)";"662";"3451";"3250";"."
"2022";"Leeuwarden";"18852";"150014";"141352";"."
"2022";"Leiden";"8745";"34312";"32523";"."
"2022";"Leiderdorp";"2909";"11640";"11100";"."
"2022";"Leidschendam-Voorburg";"5252";"21468";"20090";"."
"2022";"Lelystad";"12755";"219083";"196286";"."
"2022";"Leudal";"6959";"66366";"59964";"."
"2022";"Leusden";"5602";"31260";"28086";"."
"2022";"Lingewaard";"9130";"67145";"60789";"."
"2022";"Lisse";"3927";"16315";"15269";"."
"2022";"Lochem";"5723";"101097";"87841";"."
"2022";"Loon op Zand";"3087";"23607";"19647";"."
"2022";"Lopik";"2246";"19555";"18033";"."
"2022";"Loppersum";"";"";"";""
"2022";"Losser";"3851";"54356";"46868";"."
"2022";"Maasdriel";"4962";"35141";"32747";"."
"2022";"Maasgouw";"5232";"26506";"25169";"."
"2022";"Maashorst";"11191";"93826";"85690";"."
"2022";"Maassluis";"3414";"14761";"13163";"."
"2022";"Maastricht";"11023";"74322";"64839";"."
"2022";"Medemblik";"8586";"104841";"87669";"."
"2022";"Meerssen";"3379";"17711";"16696";"."
"2022";"Meierijstad";"14683";"168144";"144924";"."
"2022";"Meppel";"5123";"26912";"25377";"."
"2022";"Middelburg (Z.)";"8755";"52070";"44552";"."
"2022";"Midden-Delfland";"3495";"31703";"26371";"."
"2022";"Midden-Drenthe";"7539";"86584";"72322";"."
"2022";"Midden-Groningen";"13119";"302214";"235945";"."
"2022";"Mill en Sint Hubert";"";"";"";""
"2022";"Moerdijk";"5861";"115909";"101454";"."
"2022";"Molenlanden";"6362";"54995";"48702";"."
"2022";"Montferland";"7777";"53384";"49387";"."
"2022";"Montfoort";"2297";"22301";"20358";"."
"2022";"Mook en Middelaar";"1556";"7667";"7303";"."
"2022";"Neder-Betuwe";"3680";"60380";"53834";"."
"2022";"Nederweert";"3401";"47173";"41999";"."
"2022";"Nieuwegein";"7442";"61088";"54317";"."
"2022";"Nieuwkoop";"4049";"27243";"25874";"."
"2022";"Nijkerk";"6985";"54100";"49782";"."
"2022";"Nijmegen";"19951";"98921";"92293";"."
"2022";"Nissewaard";"11366";"43452";"40794";"."
"2022";"Noardeast-Fryslân";"9062";"62283";"58468";"."
"2022";"Noord-Beveland";"2658";"17711";"16128";"."
"2022";"Noordenveld";"6687";"86766";"72704";"."
"2022";"Noordoostpolder";"8396";"172744";"157892";"."
"2022";"Noordwijk";"6175";"35950";"33894";"."
"2022";"Nuenen, Gerwen en Nederwetten";"4033";"24894";"23149";"."
"2022";"Nunspeet";"3359";"22563";"20967";"."
"2022";"Oegstgeest";"3333";"15373";"14095";"."
"2022";"Oirschot";"2758";"36754";"31905";"."
"2022";"Oisterwijk";"4155";"37159";"33194";"."
"2022";"Oldambt";"7779";"62031";"55467";"."
"2022";"Oldebroek";"3525";"28721";"26636";"."
"2022";"Oldenzaal";"5072";"43989";"37527";"."
"2022";"Olst-Wijhe";"3759";"36130";"29465";"."
"2022";"Ommen";"3065";"33088";"28879";"."
"2022";"Oost Gelre";"4925";"46043";"42626";"."
"2022";"Oosterhout";"7412";"61928";"54725";"."
"2022";"Ooststellingwerf";"6312";"115831";"109749";"."
"2022";"Oostzaan";"1189";"7847";"7363";"."
"2022";"Opmeer";"2062";"16045";"14766";"."
"2022";"Opsterland";"5030";"67734";"58270";"."
"2022";"Oss";"14748";"118363";"106802";"."
"2022";"Oude IJsselstreek";"6756";"56249";"52608";"."
"2022";"Ouder-Amstel";"1662";"8304";"7766";"."
"2022";"Oudewater";"1547";"11640";"10718";"."
"2022";"Overbetuwe";"7650";"64214";"56878";"."
"2022";"Papendrecht";"3366";"15672";"14554";"."
"2022";"Peel en Maas";"9256";"107766";"92361";"."
"2022";"Pekela";"2012";"28879";"25987";"."
"2022";"Pijnacker-Nootdorp";"9635";"49049";"45901";"."
"2022";"Purmerend";"10163";"53848";"48793";"."
"2022";"Putten";"3280";"31928";"28728";"."
"2022";"Raalte";"7868";"64826";"58051";"."
"2022";"Reimerswaal";"4620";"58071";"53766";"."
"2022";"Renkum";"3897";"18878";"17772";"."
"2022";"Renswoude";"1003";"10499";"9090";"."
"2022";"Reusel-De Mierden";"2283";"35578";"31495";"."
"2022";"Rheden";"4751";"28914";"26693";"."
"2022";"Rhenen";"3276";"18336";"16659";"."
"2022";"Ridderkerk";"5294";"37236";"32601";"."
"2022";"Rijssen-Holten";"5330";"67819";"58650";"."
"2022";"Rijswijk (ZH.)";"5868";"20901";"19727";"."
"2022";"Roerdalen";"4411";"26109";"24650";"."
"2022";"Roermond";"8681";"55829";"50732";"."
"2022";"De Ronde Venen";"7890";"36430";"33943";"."
"2022";"Roosendaal";"8982";"114940";"96107";"."
"2022";"Rotterdam";"26794";"199782";"167172";"."
"2022";"Rozendaal";"340";"2006";"1911";"."
"2022";"Rucphen";"3169";"20988";"19145";"."
"2022";"Schagen";"7917";"97076";"86986";"."
"2022";"Scherpenzeel";"1523";"11505";"10688";"."
"2022";"Schiedam";"4600";"22505";"20929";"."
"2022";"Schiermonnikoog";"260";"2868";"2683";"."
"2022";"Schouwen-Duiveland";"8829";"62466";"54354";"."
"2022";"Simpelveld";"1613";"8464";"7971";"."
"2022";"Sint Anthonis";"";"";"";""
"2022";"Sint-Michielsgestel";"5021";"33338";"30609";"."
"2022";"Sittard-Geleen";"13980";"100823";"89739";"."
"2022";"Sliedrecht";"2725";"16859";"15616";"."
"2022";"Sluis";"5336";"32935";"30682";"."
"2022";"Smallingerland";"9179";"68601";"61308";"."
"2022";"Soest";"6168";"33498";"30872";"."
"2022";"Someren";"3954";"69046";"60085";"."
"2022";"Son en Breugel";"3201";"35542";"31269";"."
"2022";"Stadskanaal";"4413";"177475";"165074";"."
"2022";"Staphorst";"2428";"20790";"19300";"."
"2022";"Stede Broec";"3882";"21673";"20202";"."
"2022";"Steenbergen";"4017";"33961";"31501";"."
"2022";"Steenwijkerland";"6609";"44732";"41192";"."
"2022";"Stein (L.)";"5112";"26965";"25477";"."
"2022";"Stichtse Vecht";"8060";"38526";"35257";"."
"2022";"Súdwest-Fryslân";"15142";"110726";"102678";"."
"2022";"Terneuzen";"11169";"157369";"137363";"."
"2022";"Terschelling";"650";"5254";"4858";"."
"2022";"Texel";"2699";"19006";"17908";"."
"2022";"Teylingen";"5854";"33598";"32187";"."
"2022";"Tholen";"5657";"57816";"52152";"."
"2022";"Tiel";"5521";"40784";"36225";"."
"2022";"Tilburg";"24283";"219231";"186885";"."
"2022";"Tubbergen";"3386";"38634";"34535";"."
"2022";"Twenterand";"4801";"63543";"54097";"."
"2022";"Tynaarlo";"7653";"83685";"72633";"."
"2022";"Tytsjerksteradiel";"6380";"48221";"43605";"."
"2022";"Uden";"";"";"";""
"2022";"Uitgeest";"2859";"11944";"11234";"."
"2022";"Uithoorn";"4356";"28051";"25611";"."
"2022";"Urk";"2576";"17721";"17177";"."
"2022";"Utrecht (gemeente)";"35411";"167052";"152078";"."
"2022";"Utrechtse Heuvelrug";"8155";"38648";"35558";"."
"2022";"Vaals";"1274";"5321";"5119";"."
"2022";"Valkenburg aan de Geul";"2301";"13239";"12531";"."
"2022";"Valkenswaard";"5266";"34004";"30847";"."
"2022";"Veendam";"5282";"63109";"55644";"."
"2022";"Veenendaal";"10229";"51483";"47156";"."
"2022";"Veere";"5728";"34251";"32494";"."
"2022";"Veldhoven";"7319";"46770";"42864";"."
"2022";"Velsen";"5999";"34392";"30880";"."
"2022";"Venlo";"17497";"206570";"171976";"."
"2022";"Venray";"8756";"108985";"94347";"."
"2022";"Vijfheerenlanden";"11013";"66158";"60347";"."
"2022";"Vlaardingen";"5320";"22719";"20829";"."
"2022";"Vlieland";"331";"3098";"2786";"."
"2022";"Vlissingen";"8695";"77078";"68743";"."
"2022";"Voerendaal";"2151";"10940";"10386";"."
"2022";"Voorne aan Zee";"";"";"";""
"2022";"Voorschoten";"2678";"11072";"10381";"."
"2022";"Voorst";"3834";"94146";"75863";"."
"2022";"Vught";"3662";"22962";"21573";"."
"2022";"Waadhoeke";"8284";"69446";"66686";"."
"2022";"Waalre";"2906";"16817";"15570";"."
"2022";"Waalwijk";"5527";"79318";"68130";"."
"2022";"Waddinxveen";"4708";"34078";"30246";"."
"2022";"Wageningen";"5129";"33122";"31367";"."
"2022";"Wassenaar";"2390";"10840";"9827";"."
"2022";"Waterland";"2217";"9692";"9141";"."
"2022";"Weert";"8429";"81316";"72474";"."
"2022";"Weesp";"2390";"12328";"11488";"."
"2022";"West Betuwe";"9248";"93176";"85511";"."
"2022";"West Maas en Waal";"4371";"40055";"36923";"."
"2022";"Westerkwartier";"12318";"132671";"119118";"."
"2022";"Westerveld";"4414";"24826";"23403";"."
"2022";"Westervoort";"2054";"9434";"8974";"."
"2022";"Westerwolde";"3709";"155573";"136763";"."
"2022";"Westland";"17342";"124088";"111568";"."
"2022";"Weststellingwerf";"6379";"58360";"52661";"."
"2022";"Westvoorne";"2814";"16955";"15317";"."
"2022";"Wierden";"4250";"43848";"40139";"."
"2022";"Wijchen";"6570";"61154";"51910";"."
"2022";"Wijdemeren";"3042";"25331";"21900";"."
"2022";"Wijk bij Duurstede";"4008";"34241";"28979";"."
"2022";"Winterswijk";"4434";"30997";"29198";"."
"2022";"Woensdrecht";"3198";"27551";"24239";"."
"2022";"Woerden";"7857";"46229";"42591";"."
"2022";"De Wolden";"5256";"34633";"31876";"."
"2022";"Wormerland";"2780";"14364";"13174";"."
"2022";"Woudenberg";"2603";"16279";"14476";"."
"2022";"Zaanstad";"14486";"85562";"78000";"."
"2022";"Zaltbommel";"5042";"52436";"46889";"."
"2022";"Zandvoort";"906";"3580";"3415";"."
"2022";"Zeewolde";"4277";"61233";"56139";"."
"2022";"Zeist";"7231";"33326";"31024";"."
"2022";"Zevenaar";"6961";"53828";"49086";"."
"2022";"Zoetermeer";"14052";"59860";"55427";"."
"2022";"Zoeterwoude";"1513";"16123";"14225";"."
"2022";"Zuidplas";"7130";"54718";"48978";"."
"2022";"Zundert";"3133";"28018";"25808";"."
"2022";"Zutphen";"6216";"50454";"45703";"."
"2022";"Zwartewaterland";"2996";"31477";"28951";"."
"2022";"Zwijndrecht";"5125";"95891";"92448";"."
"2022";"Zwolle";"19666";"172154";"150845";"."
"2022";"Gemeenten; niet in te delen";"509";"17208";"14768";"16"
"Bron: CBS"
